name,slug,address,location_id,court_count,surface_type,is_free,has_lights,has_restrooms,has_parking,nets_provided,latitude,longitude,description
Gulf Place Public Beach,gulf-place-public-beach-gulf-shores,"101 E Beach Blvd, Gulf Shores, AL 36542",al_gulf,4,sand,true,false,true,true,true,30.2460,-87.7008,"Gulf Shores' main public beach and home of the NCAA Beach Volleyball Championship. Features sand courts on the west side of the beach with pavilions and showers."
Alabama Gulf Coast Sports Center,alabama-gulf-coast-sports-center-gulf-shores,"19025 Oak Rd W, Gulf Shores, AL 36542",al_gulf,7,sand,false,true,true,true,true,30.2780,-87.7070,"A 38000 sq ft multipurpose sports facility at the Gulf Shores Sportsplex featuring 7 lighted outdoor sand volleyball courts."
Orange Beach Sportsplex,orange-beach-sportsplex-orange-beach,"4385 William Silvers Pkwy, Orange Beach, AL 36561",al_gulf,3,sand,true,false,true,true,true,30.2830,-87.5730,"Public sportsplex with a 3-court sand volleyball area and concession stands."
Flora-Bama Beach Volleyball,flora-bama-beach-volleyball-perdido-key,"17401 Perdido Key Dr, Perdido Key, FL 32507",al_gulf,3,sand,true,false,false,true,false,30.2810,-87.4470,"Beach volleyball courts adjacent to the world-famous Flora-Bama Lounge on the Alabama-Florida state line. Popular for casual games with live music nearby."
Beach House Volleyball,beach-house-volleyball-peoria,"16083 N 75th Ave, Peoria, AZ 85382",az_phoenix,6,indoor_sand,false,true,true,true,true,33.6428,-112.2271,"Arizona's first indoor air-conditioned beach volleyball facility with six professional sand courts plus a bar and grill."
Gene Autry Park Sand Courts,gene-autry-park-mesa,"4125 E McKellips Rd, Mesa, AZ 85215",az_phoenix,4,sand,true,true,true,true,true,33.4537,-111.7895,"Four lighted sand volleyball courts at a major Mesa sports complex available by reservation. Home to The Sand Club leagues."
Chaparral Park,chaparral-park-scottsdale,"5401 N Hayden Rd, Scottsdale, AZ 85250",az_phoenix,2,sand,true,true,true,true,true,33.5060,-111.9048,"Popular 100-acre Scottsdale park with two sand volleyball courts near the Central Ramada area."
Arizona Athletic Grounds,arizona-athletic-grounds-mesa,"6321 S Ellsworth Rd, Mesa, AZ 85212",az_phoenix,12,sand,false,true,true,true,true,33.3520,-111.6310,"Massive 275-acre sports complex with 12 outdoor beach volleyball courts hosting leagues and tournaments year-round."
Sports Park Tucson,sports-park-tucson,"6901 N Casa Grande Hwy, Tucson, AZ 85743",az_tucson,4,sand,false,true,true,true,true,32.3324,-111.0640,"Four sand volleyball courts at a multi-sport complex offering 2v2 4v4 and 6v6 leagues in southern Arizona."
Tucson Racquet and Fitness Club,tucson-racquet-club-tucson,"4001 N Country Club Rd, Tucson, AZ 85716",az_tucson,3,sand,false,true,true,true,true,32.2590,-110.9590,"Private 15-acre club with three lighted sand volleyball courts and year-round adult co-ed beach volleyball leagues."
University of Arizona Sand Courts,uofa-sand-courts-tucson,"1400 E 6th St, Tucson, AZ 85721",az_tucson,4,sand,true,false,true,true,true,32.2295,-110.9507,"Four sand volleyball courts at the Student Recreation Center available for open rec and events."
Manhattan Beach Pier Courts,manhattan-beach-pier-courts-manhattan-beach,"Manhattan Beach Pier, Manhattan Beach, CA 90266",socal_la,6,sand,true,false,true,true,true,33.8847,-118.4109,"Iconic beach volleyball courts on the south side of Manhattan Beach Pier. Home to the legendary Manhattan Beach Open."
Marine Street Courts,marine-street-courts-manhattan-beach,"Marine St & 24th St, Manhattan Beach, CA 90266",socal_la,12,sand,true,false,true,true,true,33.8905,-118.4130,"Premier sand volleyball courts between 23rd and 25th Streets. The main pickup volleyball destination in Manhattan Beach."
Hermosa Beach Pier Courts,hermosa-beach-pier-courts-hermosa-beach,"Pier Ave & The Strand, Hermosa Beach, CA 90254",socal_la,23,sand,true,false,true,true,true,33.8622,-118.3993,"Twenty-three city-maintained courts near the Hermosa Beach Pier. A true mecca for beach volleyball hosting major professional tournaments."
El Segundo Beach Courts,el-segundo-beach-courts-el-segundo,"Grand Ave & Vista Del Mar, El Segundo, CA 90245",socal_la,4,sand,true,false,true,true,true,33.9117,-118.4215,"Quieter sand volleyball courts on El Segundo Beach offering a less crowded alternative to neighboring Manhattan Beach courts."
Venice Beach Volleyball Courts,venice-beach-volleyball-courts-venice,"2100 Ocean Front Walk, Venice, CA 90291",socal_la,4,sand,true,false,true,true,true,33.9850,-118.4730,"Sand volleyball courts on Venice Beach between Venice Blvd and Washington Blvd along the iconic boardwalk."
Santa Monica Beach Pier Courts,santa-monica-beach-pier-courts-santa-monica,"1560 Appian Way, Santa Monica, CA 90401",socal_la,4,sand,true,true,true,true,true,34.0082,-118.4985,"Four illuminated sand volleyball courts near the Santa Monica Pier. One of the few LA beaches offering lighted courts for evening play."
Sorrento Beach Courts,sorrento-beach-courts-santa-monica,"810 Pacific Coast Hwy, Santa Monica, CA 90403",socal_la,16,sand,true,false,true,true,true,34.0190,-118.5060,"Sixteen sand volleyball courts at Sorrento Beach in Santa Monica. Popular for leagues and casual play with stunning ocean views."
Will Rogers State Beach Courts,will-rogers-state-beach-courts-pacific-palisades,"17700 Pacific Coast Hwy, Pacific Palisades, CA 90272",socal_la,6,sand,true,false,true,true,true,34.0364,-118.5310,"Sand volleyball courts at Will Rogers State Beach with ample parking and beach amenities. Open 8 AM to sunset."
Huntington Beach Pier Courts,huntington-beach-pier-courts-huntington-beach,"Main St & Pacific Coast Hwy, Huntington Beach, CA 92648",socal_oc,19,sand,true,false,true,true,true,33.6553,-118.0050,"Approximately 19 nets near the iconic Huntington Beach Pier. A world-renowned surf and volleyball destination."
Huntington State Beach Courts,huntington-state-beach-courts-huntington-beach,"21601 Pacific Coast Hwy, Huntington Beach, CA 92646",socal_oc,6,sand,true,false,true,true,true,33.6310,-117.9730,"Sand volleyball courts at Huntington State Beach near Newland Street hosting VolleyOC youth tournaments and league play."
Corona del Mar State Beach Courts,corona-del-mar-state-beach-courts-newport-beach,"3001 Ocean Blvd, Corona del Mar, CA 92625",socal_oc,10,sand,true,false,true,true,true,33.5930,-117.8690,"Ten sand volleyball courts at Corona del Mar State Beach known for competitive play especially on the southern courts."
Newport Beach Balboa Pier Courts,newport-beach-balboa-pier-courts-newport-beach,"Adams St & Balboa Blvd, Newport Beach, CA 92663",socal_oc,6,sand,true,false,true,true,true,33.5960,-117.8960,"Sand volleyball courts north of the Balboa Pier along the Balboa Peninsula with nets near fire pits."
Laguna Beach Main Beach Courts,laguna-beach-main-beach-courts-laguna-beach,"Broadway & Coast Hwy, Laguna Beach, CA 92651",socal_oc,4,sand,true,false,true,true,true,33.5427,-117.7856,"Four sand volleyball courts at Main Beach Park. Home of the world's longest-running beach volleyball tournament the Laguna Open."
Seal Beach Volleyball Courts,seal-beach-volleyball-courts-seal-beach,"704 Ocean Ave, Seal Beach, CA 90740",socal_oc,4,sand,true,false,true,true,true,33.7410,-118.1060,"Sand volleyball courts near the Seal Beach Pier on a wide sandy beach with lifeguard towers and playground nearby."
Sacramento Softball Complex Courts,sacramento-softball-complex-courts-sacramento,"3450 Longview Dr, Sacramento, CA 95821",norcal_sac,4,sand,false,true,true,true,true,38.6230,-121.4030,"Four lighted sand volleyball courts at the Sacramento Softball Complex with leagues rentals and events."
Precision Sand Volleyball,precision-sand-volleyball-cameron-park,"2200 Country Club Dr, Cameron Park, CA 95682",norcal_sac,6,sand,false,true,true,true,true,38.6690,-120.9880,"Six outdoor sand courts in the Sacramento foothills offering training tournaments and league play."
Hornet Beach - Sacramento State,hornet-beach-sacramento-state,"6000 J St, Sacramento, CA 95819",norcal_sac,4,sand,false,true,true,true,true,38.5590,-121.4240,"Four-court sand volleyball facility at Sacramento State used for NCAA beach volleyball and community events."
South Mission Beach Volleyball Courts,south-mission-beach-volleyball-courts-san-diego,"2677 Ocean Front Walk, San Diego, CA 92109",socal_sd,14,sand,true,false,true,true,true,32.7590,-117.2530,"Fourteen George Stephanof volleyball courts at South Mission Beach. The epicenter of San Diego beach volleyball."
Ocean Beach Volleyball Courts,ocean-beach-volleyball-courts-san-diego,"5199 Brighton Ave, San Diego, CA 92107",socal_sd,14,sand,true,false,true,true,true,32.7480,-117.2500,"Fourteen public beach volleyball courts at Ocean Beach. Available first-come first-served from 8 AM to sunset."
Moonlight Beach Courts,moonlight-beach-courts-encinitas,"400 B St, Encinitas, CA 92024",socal_sd,3,sand,true,false,true,true,true,33.0460,-117.2970,"Three sand volleyball courts at the north end of Moonlight Beach. Home to an annual Mixed Doubles Tournament since 1964."
Coast Volleyball Club,coast-volleyball-club-san-diego,"11526 Sorrento Valley Rd Suite N, San Diego, CA 92121",socal_sd,3,sand,false,true,true,true,true,32.8980,-117.2190,"Outdoor sand courts at Coast Volleyball Club's Sorrento Valley facility."
Bonita Cove Volleyball Courts,bonita-cove-volleyball-courts-san-diego,"1100 W Mission Bay Dr, San Diego, CA 92109",socal_sd,5,sand,true,false,true,true,true,32.7640,-117.2480,"Five sets of volleyball poles at Bonita Cove east of Belmont Park in Mission Beach."
Ocean Beach (Beach Chalet) Volleyball,ocean-beach-sf-volleyball-courts-san-francisco,"1001 Great Hwy, Stairways 15-17, San Francisco, CA 94121",norcal_sf,,sand,true,false,true,true,false,37.7694,-122.5110,"Informal bring-your-own-net beach volleyball at the north end of Ocean Beach, across from Beach Chalet and the Dutch Windmill. Local groups commonly identify the site by access stairways 15 and 17; the number of set-up courts varies."
Mission Creek Park (Under I-280),mission-creek-park-sand-court-san-francisco,"401 Berry St, San Francisco, CA 94158",norcal_sf,1,sand,true,true,true,false,true,37.7720,-122.3920,"Single public sand court in Mission Bay beneath the I-280 freeway near the Fourth Street bridge. Often described locally as the volleyball court under the bridge or freeway; open 6 AM to 10 PM."
Roberts Regional Recreation Area Sand Court,roberts-regional-recreation-area-sand-court-oakland,"10570 Skyline Blvd, Oakland, CA 94619",norcal_sf,1,sand,false,false,true,true,true,37.812318,-122.174562,"Public first-come sand volleyball court in Roberts Regional Recreation Area in the Oakland hills; a park entrance and parking fee may apply."
Robert W. Crown Memorial State Beach Volleyball Area,crown-memorial-state-beach-volleyball-alameda,"400 Willow St, Alameda, CA 94501",norcal_sf,,sand,true,false,true,true,false,37.7569,-122.2580,"Bring-your-own-net volleyball area on Crown Beach, also known locally as Alameda Beach or Shoreline Drive beach volleyball. The number of playable setups varies."
West Sunset Playground Courts,west-sunset-playground-courts-san-francisco,"3223 Ortega St, San Francisco, CA 94122",norcal_sf,2,sand,true,false,true,false,false,37.7520,-122.4960,"Sand volleyball courts in the large West Sunset Playground park in the Outer Sunset neighborhood."
East Beach Volleyball Courts,east-beach-volleyball-courts-santa-barbara,"E Cabrillo Blvd, Santa Barbara, CA 93103",central_sb,24,sand,true,false,true,true,true,34.4090,-119.6820,"Up to 24 seasonal beach volleyball courts at East Beach; availability varies with events and maintenance."
Goleta Beach Park Courts,goleta-beach-park-courts-goleta,"5986 Sandspit Rd, Goleta, CA 93117",central_sb,3,sand,true,false,true,true,true,34.4130,-119.8290,"Sand volleyball courts at Goleta Beach County Park near UCSB campus with picnic areas and pier access."
UCSB Rec Center Sand Courts,ucsb-rec-center-sand-courts-goleta,"UCSB Recreation Center, Santa Barbara, CA 93106",central_sb,2,sand,false,false,true,true,true,34.4140,-119.8450,"Two sand volleyball courts at UC Santa Barbara available for drop-in play when not reserved."
Santa Cruz Main Beach Courts,santa-cruz-main-beach-courts-santa-cruz,"400 Beach St, Santa Cruz, CA 95060",norcal_sc,16,sand,true,false,true,true,true,36.9640,-122.0230,"Sixteen sand volleyball courts on Main Beach near the Santa Cruz Boardwalk hosting international tournaments."
Harbor Beach Volleyball Courts,harbor-beach-volleyball-courts-santa-cruz,"2222 E Cliff Dr, Santa Cruz, CA 95062",norcal_sc,3,sand,true,false,true,true,true,36.9610,-122.0000,"Sand volleyball courts at Harbor Beach adjacent to the Santa Cruz Harbor. Reservable five days in advance."
Pismo Beach Pier Courts,pismo-beach-pier-courts-pismo-beach,"Wadsworth Ave & Cypress St, Pismo Beach, CA 93449",central_slo,13,sand,true,false,true,true,true,35.1470,-120.6440,"Thirteen sand volleyball courts north of the Pismo Pier. A scenic Central Coast volleyball destination."
Avila Beach Volleyball Courts,avila-beach-volleyball-courts-avila-beach,"3950 Avila Beach Dr, Avila Beach, CA 93424",central_slo,2,sand,true,false,true,true,true,35.1790,-120.7310,"Two sand volleyball courts on the beach north of the Avila Beach Pier."
The Oasis,the-oasis-broomfield,"2400 W Midway Blvd, Broomfield, CO 80020",co_denver,10,indoor_sand,false,true,true,true,true,39.9203,-105.0651,"Premier indoor-outdoor sand volleyball facility with 7 indoor and 3 outdoor courts plus a full restaurant and bar."
The Island,the-island-aurora,"2233 S Geneva St, Aurora, CO 80247",co_denver,18,indoor_sand,false,true,true,true,true,39.6770,-104.8055,"Denver's largest sand volleyball facility with 6 indoor and 12 outdoor courts plus a full bar open year-round."
Parkway Drive Volleyball Courts,lincoln-memorial-sand-courts-washington-dc,"Ohio Dr SW, Washington, DC 20242",dc_metro,11,sand,true,false,false,true,false,38.8895,-77.0502,"Eleven public sand volleyball courts along the Potomac River near the Lincoln Memorial. Reservable through Recreation.gov."
Virginia Volleyball Center,virginia-volleyball-center-sterling,"45685 Oakbrook Ct Ste 140, Sterling, VA 20166",dc_metro,1,indoor_sand,false,true,true,true,true,39.0080,-77.4280,"State-of-the-art 55000 sq ft volleyball facility with one indoor beach court among six hardwood courts."
Brenman Park Sand Courts,brenman-park-alexandria,"4800 Brenman Park Dr, Alexandria, VA 22304",dc_metro,2,sand,true,false,false,true,false,38.8070,-77.1250,"Outdoor sand volleyball courts used by Alexandria Titans Beach Volleyball Club for training May through September."
South Beach Park,south-beach-park-jacksonville-beach,"2514 S Beach Pkwy, Jacksonville Beach, FL 32250",fl_jax,3,sand,true,false,true,true,true,30.2730,-81.3960,"Public park in Jacksonville Beach featuring three sand volleyball courts with a splash pad and playground."
Oceanfront Park,oceanfront-park-jacksonville-beach,"1st St S, Jacksonville Beach, FL 32250",fl_jax,1,sand,true,false,true,true,true,30.2860,-81.3930,"A 2-acre oceanfront park between 5th and 6th Avenues South with a sand volleyball court steps from the ocean."
Jarboe Park,jarboe-park-neptune-beach,"510 Florida Blvd, Neptune Beach, FL 32266",fl_jax,2,sand,true,false,true,true,true,30.3180,-81.4020,"Community park in Neptune Beach with sand volleyball courts and a walking trail."
On Sand Sports,on-sand-sports-jacksonville,"8451 Western Way, Jacksonville, FL 32256",fl_jax,4,sand,false,true,true,true,true,30.2260,-81.5470,"Dedicated beach volleyball training facility in Jacksonville with lighted sand courts."
Game Point Events Center,game-point-events-center-orlando,"6700 Kingspointe Pkwy, Orlando, FL 32819",fl_orlando,6,sand,false,true,true,true,true,28.4590,-81.4560,"State-of-the-art 92000 sq ft facility with 6 outdoor sand volleyball courts plus 12 indoor courts."
Torch Volleyball,torch-volleyball-orlando,"2020 S Dean Rd, Orlando, FL 32825",fl_orlando,4,sand,false,true,false,true,true,28.5230,-81.2830,"Private beach volleyball training facility in East Orlando with four lighted sand courts."
Festival Park,festival-park-orlando,"2911 E Robinson St, Orlando, FL 32803",fl_orlando,2,sand,true,true,true,true,true,28.5530,-81.3490,"City of Orlando public park with two sand volleyball courts. Popular venue for Orlando Club Sport leagues."
UCF Recreation and Wellness Center,ucf-rec-center-orlando,"4000 Central Florida Blvd, Orlando, FL 32816",fl_orlando,6,sand,false,true,true,true,true,28.6020,-81.2000,"University of Central Florida campus with six sand volleyball courts open dawn to 10pm."
Fort Lauderdale Beach Park,fort-lauderdale-beach-park-fort-lauderdale,"1100 Seabreeze Blvd, Fort Lauderdale, FL 33316",fl_east,12,sand,true,true,true,true,true,26.1060,-80.1050,"Premier beach volleyball destination with 12 sand courts right along the water. Hosts AVP pros and local leagues year-round."
Lummus Park,lummus-park-miami-beach,"1130 Ocean Dr, Miami Beach, FL 33139",fl_east,18,sand,true,false,true,true,true,25.7810,-80.1300,"Iconic South Beach park stretching from 5th to 15th Street along Ocean Drive with 18 sand volleyball courts."
Haulover Beach Park,haulover-beach-park-miami,"10800 Collins Ave, Miami Beach, FL 33154",fl_east,8,sand,true,false,true,true,true,25.9020,-80.1230,"County beach park with 8 permanent sand volleyball courts and nets along the shore."
Crandon Park Beach,crandon-park-beach-key-biscayne,"6747 Crandon Blvd, Key Biscayne, FL 33149",fl_east,4,sand,true,false,true,true,true,25.6880,-80.1530,"Beautiful 800-acre barrier island park with beach volleyball courts on pristine sand."
Hollywood Beach Broadwalk,hollywood-beach-broadwalk-hollywood,"300 Connecticut St, Hollywood, FL 33019",fl_east,4,sand,true,false,true,true,true,26.0220,-80.1180,"Beach volleyball courts along the famous Hollywood Broadwalk with nearby restaurants and ocean views."
Pier 60 Park,pier-60-park-clearwater-beach,"1 Causeway Blvd, Clearwater, FL 33767",fl_west,3,sand,true,false,true,true,true,27.9780,-82.8320,"Popular Clearwater Beach spot near Pier 60 with sand volleyball nets and stunning Gulf of Mexico sunsets."
North Shore Park,north-shore-park-st-petersburg,"901 North Shore Dr NE, St. Petersburg, FL 33701",fl_west,6,sand,true,true,true,true,true,27.7830,-82.6250,"Downtown St. Petersburg park with 6 beach volleyball courts where players gather for pickup games nearly every evening."
Woodlawn Park,woodlawn-park-st-petersburg,"5801 22nd Ave N, St. Petersburg, FL 33710",fl_west,6,sand,true,true,true,true,true,27.7930,-82.7060,"Known for deep high-quality sand. Features 6 lighted volleyball courts hosting leagues and recreational play."
Gulfport Beach,gulfport-beach-volleyball-gulfport,"5500 Shore Blvd S, Gulfport, FL 33707",fl_west,6,sand,true,false,true,true,true,27.7390,-82.6930,"Six permanent sand volleyball courts west of the Historic Casino Ballroom on Gulfport Beach."
Piedmont Park,piedmont-park-atlanta,"1320 Monroe Dr NE, Atlanta, GA 30306",ga_atl,2,sand,true,false,true,true,false,33.7879,-84.3727,"Two public sand volleyball courts at the Active Oval in Piedmont Park. Free first-come first-served."
One Beach Volleyball,one-beach-volleyball-atlanta,"3131 Alton Rd, Atlanta, GA 30341",ga_atl,4,sand,false,true,true,true,true,33.8889,-84.2930,"Private sand volleyball facility with well-maintained courts and soft sand. Hosts leagues and open play."
Alpharetta Beach Volleyball,alpharetta-beach-alpharetta,"1720 Old Milton Pkwy, Alpharetta, GA 30009",ga_atl,2,sand,false,true,true,true,true,34.0710,-84.2941,"Two professional beach volleyball courts filled with 500 tons of white sand near downtown Alpharetta."
Rally VB at LakePoint,rally-vb-cartersville,"163 LakePoint Pkwy, Cartersville, GA 30121",ga_atl,10,sand,false,true,true,true,true,34.1891,-84.7998,"Atlanta's largest volleyball facility with 10 outdoor beach sand courts at LakePoint Sports."
Kalama Park,kalama-park-kihei,"1910 S Kihei Rd, Kihei, HI 96753",hi_maui,2,sand,true,false,true,true,true,20.7278,-156.4499,"Two beach volleyball courts at a spacious 36-acre beachfront park where evening pick-up games are a local tradition."
Kamaole Beach Park I,kamaole-i-kihei,"2400 S Kihei Rd, Kihei, HI 96753",hi_maui,1,sand,true,false,true,true,true,20.7221,-156.4481,"Public beach volleyball court on the north side of this popular Kihei beach with lifeguards and parking."
Kanaha Beach Park,kanaha-beach-kahului,"Amala Pl, Kahului, HI 96732",hi_maui,3,sand,true,false,true,true,false,20.9060,-156.4440,"Three sand volleyball courts on Maui's north shore behind Kahului Airport. Bring your own net."
Queen's Beach Waikiki,queens-beach-waikiki,"2699 Kalakaua Ave, Honolulu, HI 96815",hi_oahu,4,sand,true,false,true,true,true,21.2663,-157.8220,"Waikiki's iconic beach volleyball destination with four permanent courts fronting the Honolulu Zoo."
Ala Moana Beach Park,ala-moana-beach-honolulu,"1201 Ala Moana Blvd, Honolulu, HI 96814",hi_oahu,3,sand,true,false,true,true,true,21.2887,-157.8483,"Three sand volleyball courts at the Ewa end of Honolulu's most popular local beach park."
Kailua Beach Park,kailua-beach-kailua,"526 Kawailoa Rd, Kailua, HI 96734",hi_oahu,2,sand,true,false,true,true,false,21.3976,-157.7271,"Sand volleyball courts on Oahu's stunning windward shore known for turquoise waters. Bring your own net."
TVAC Idaho Beach,tvac-idaho-beach-meridian,"1251 E Piper Ct, Meridian, ID 83642",id_boise,4,indoor_sand,false,true,true,true,true,43.6070,-116.3680,"Indoor beach volleyball facility at the Treasure Valley Athletic Center for year-round play."
Ann Morrison Park,ann-morrison-park-boise,"1000 S Americana Blvd, Boise, ID 83706",id_boise,2,sand,true,false,true,true,false,43.6020,-116.2130,"Sand volleyball courts in Boise's scenic 153-acre riverfront park. First-come first-served."
Hobble Creek Park,hobble-creek-park-boise,"6450 N Meadow Park Way, Boise, ID 83713",id_boise,1,sand,true,false,true,true,false,43.6530,-116.2870,"Community park in West Boise with a sand volleyball court alongside picnic shelters and walking paths."
North Avenue Beach,north-avenue-beach-chicago,"1600 N Lake Shore Dr, Chicago, IL 60613",il_chicago,80,sand,true,true,true,true,true,41.9117,-87.6264,"Iconic Chicago lakefront beach with over 80 sand volleyball courts. The largest beach volleyball venue in the Midwest."
Montrose Beach,montrose-beach-chicago,"4400 N Lake Shore Dr, Chicago, IL 60640",il_chicago,22,sand,true,true,true,true,true,41.9639,-87.6383,"Massive lakefront beach in Uptown with rows of sand volleyball courts along Lake Michigan."
Oak Street Beach,oak-street-beach-chicago,"1000 N Lake Shore Dr, Chicago, IL 60611",il_chicago,6,sand,true,true,true,true,true,41.9030,-87.6230,"Intimate Gold Coast beach with sand volleyball courts that has hosted AVP professional tournaments."
Downers Sand Club,downers-sand-club-downers-grove,"1211 Butterfield Rd Ste B, Downers Grove, IL 60515",il_chicago,2,indoor_sand,false,true,true,true,true,41.8322,-88.0154,"Indoor sand volleyball facility in the Chicago suburbs with 2 courts and leagues running Sunday through Thursday."
iBeach31,ibeach31-westfield,"750 E 181st St, Westfield, IN 46074",in_indy,10,sand,false,true,true,true,true,40.0582,-86.1053,"Premier beach volleyball venue near Indianapolis with 6 outdoor and 4 indoor pro-level sand courts."
Indiana Sports Park,indiana-sports-park-indianapolis,"6701 S Harding St, Indianapolis, IN 46217",in_indy,8,sand,false,true,true,true,true,39.6765,-86.1720,"Major multi-sport complex with 8 sand volleyball courts hosting leagues and tournaments."
Sahm Park,sahm-park-indianapolis,"6801 E 91st St, Indianapolis, IN 46250",in_indy,2,sand,true,false,true,true,false,39.9092,-86.0560,"Public park on the northeast side of Indianapolis with 2 free sand volleyball courts."
Volleyball Beach,volleyball-beach-kansas-city,"13105 Holmes Rd, Kansas City, MO 64145",ks_kc,14,sand,false,true,true,true,true,38.8780,-94.5740,"Kansas City's largest sand volleyball complex with 14 outdoor courts and 8 seasonal indoor courts. Features a full bar and grill."
Sandbox KC,sandbox-kc-kansas-city,"509 NW Barry Rd, Kansas City, MO 64155",ks_kc,6,sand,false,true,true,true,true,39.2520,-94.5750,"Northland entertainment complex with 6 sand volleyball courts alongside pickleball and yard games."
Berkley Riverfront Volleyball,berkley-riverfront-kansas-city,"1298 Riverfront Rd, Kansas City, MO 64106",ks_kc,6,sand,true,true,false,true,true,39.1088,-94.5656,"Six illuminated sand volleyball courts on the Kansas City riverfront near the Grand Avenue Viaduct."
Centerline Volleyball,centerline-volleyball-blue-springs,"1910 US-40, Blue Springs, MO 64014",ks_kc,11,sand,false,true,true,true,true,39.0107,-94.2671,"Large volleyball complex east of Kansas City with 11 outdoor sand courts. Hosts youth and adult leagues."
Coconut Beach Sand Volleyball Complex,coconut-beach-kenner,"100 Coconut Beach Ct, Kenner, LA 70065",la_nola,20,sand,false,true,true,true,true,30.0375,-90.2414,"The largest sand volleyball complex in the United States with 20 courts and 100000 sq ft of man-made beach. Full bar and grill on site."
White Sands Volleyball Courts,white-sands-elmwood,"1001 N Al Davis Rd, Elmwood, LA 70123",la_nola,6,sand,false,true,true,true,true,29.9573,-90.1886,"Premier outdoor beach volleyball complex with 6 courts of white sand and adjoining bar and grill."
UNO Privateer Beach,uno-privateer-beach-new-orleans,"6801 Franklin Ave, New Orleans, LA 70122",la_nola,5,sand,false,false,true,true,true,30.0274,-90.0268,"University of New Orleans beach volleyball facility with five permanent sand courts."
Carson Beach,carson-beach-boston,"100 William J Day Blvd, Boston, MA 02127",ne_bos,4,sand,true,false,true,true,false,42.3291,-71.0390,"Public beach volleyball courts on South Boston's waterfront near Joe Moakley Park."
Castle Island,castle-island-boston,"2010 William J Day Blvd, Boston, MA 02127",ne_bos,2,sand,true,false,true,true,false,42.3380,-71.0130,"Sand volleyball courts near Fort Independence at Castle Island with scenic harbor views."
Beach House Boston,beach-house-natick,"18 Tech Circle, Natick, MA 01760",ne_bos,4,indoor_sand,false,true,true,true,true,42.2835,-71.3784,"New England's premier indoor beach volleyball facility with 15000 sq ft of heated sand."
Joust Beach Volleyball,joust-beach-volleyball-norwood,"661 Pleasant St, Norwood, MA 02062",ne_bos,4,indoor_sand,false,true,true,true,true,42.1780,-71.1920,"Indoor and outdoor sand volleyball facility with two indoor and two outdoor courts. Hosts leagues and tournaments year-round."
Easton's Beach,eastons-beach-newport,"175 Memorial Blvd, Newport, RI 02840",ne_ri,3,sand,true,false,true,true,false,41.4877,-71.2918,"Sand volleyball courts at Newport's most popular beach at the start of the Cliff Walk."
Narragansett Town Beach,narragansett-town-beach-narragansett,"39 Boston Neck Rd, Narragansett, RI 02882",ne_ri,3,sand,true,false,true,true,false,41.4305,-71.4535,"Sand volleyball courts on this classic half-mile New England beach in the center of town."
Mulligan's Island,mulligans-island-cranston,"1000 New London Ave, Cranston, RI 02920",ne_ri,2,sand,false,false,true,true,true,41.7430,-71.4820,"Two sand volleyball courts at this golf and entertainment complex. Hosts adult and youth leagues."
Valade Park Volleyball,valade-park-detroit,"2670 Atwater St, Detroit, MI 48207",mi_detroit,1,sand,true,true,true,true,true,42.3430,-82.9710,"Public sand volleyball court on the Detroit Riverfront at Valade Park."
On the Dunes,on-the-dunes-commerce-township,"2055 Haggerty Rd, Commerce Township, MI 48390",mi_detroit,10,sand,false,true,true,true,true,42.5850,-83.4930,"Premier outdoor sand volleyball complex with 10 regulation illuminated courts using imported Michigan Sand Dunes sand."
Belle Isle Sand Volleyball,belle-isle-detroit,"99 Pleasure Dr, Detroit, MI 48207",mi_detroit,4,sand,true,false,true,true,false,42.3460,-82.9670,"Four public sand volleyball courts at Belle Isle's athletic complex."
The Score,the-score-grand-rapids,"5301 Northland Dr NE, Grand Rapids, MI 49525",mi_gr,3,sand,false,true,true,true,true,43.0225,-85.6130,"Popular sports bar and beach volleyball complex with 3 sand courts and lit play. Runs 8 adult leagues six days a week."
Grand Haven State Park Volleyball,grand-haven-state-park-grand-haven,"1001 S Harbor Dr, Grand Haven, MI 49417",mi_gr,18,sand,true,false,true,true,false,43.0515,-86.2540,"Massive beach volleyball park at Grand Haven State Park on Lake Michigan with 18 permanent sand courts."
MSA Woodland Sand Courts,msa-fieldhouse-grand-rapids,"2100 28th St SE, Grand Rapids, MI 49508",mi_gr,3,sand,false,true,true,true,true,42.9130,-85.6160,"Outdoor sand volleyball courts at MSA Woodland; the former Fieldhouse listing was not an indoor-sand venue."
Bde Maka Ska Volleyball Courts,bde-maka-ska-minneapolis,"3700 Thomas Ave S, Minneapolis, MN 55410",mn_minn,3,sand,true,false,true,true,false,44.9470,-93.3150,"Three public sand volleyball courts near Thomas Beach at Bde Maka Ska."
Theodore Wirth Park Volleyball,theodore-wirth-park-minneapolis,"3200 Glenwood Ave, Minneapolis, MN 55405",mn_minn,4,sand,true,true,true,true,false,44.9850,-93.3240,"Four lighted sand volleyball courts at Wirth Lake Beach."
Mama G's,mama-gs-maple-grove,"9705 County Rd 101, Maple Grove, MN 55311",mn_minn,6,sand,false,true,true,true,true,45.0770,-93.4780,"Largest beach sand volleyball facility in the Twin Cities with six courts and two-foot deep soft sand."
Spikes N Strikes,spikes-n-strikes-minneapolis,"2520 26th Ave S, Minneapolis, MN 55406",mn_minn,2,sand,false,true,true,true,true,44.9540,-93.2310,"Outdoor sand volleyball complex at Memory Lanes with 2 courts and leagues four nights a week."
STL Sandbar,stl-sandbar-ballwin,"2851 Barrett Station Rd, Ballwin, MO 63021",mo_stlouis,6,sand,false,true,true,true,true,38.5840,-90.5460,"Five-acre white sand volleyball complex in West County with 6 courts and a full tiki bar."
Steinberg Sand Volleyball,steinberg-sand-volleyball-st-louis,"400 Jefferson Dr, St. Louis, MO 63110",mo_stlouis,2,sand,false,true,true,true,true,38.6310,-90.2850,"Two regulation lighted sand volleyball courts at Steinberg in Forest Park."
Sunset Hills Athletic Complex,sunset-hills-athletic-complex-sunset-hills,"13555 W Watson Rd, Sunset Hills, MO 63127",mo_stlouis,3,sand,false,true,true,true,true,38.5370,-90.4070,"Three outdoor white sand volleyball courts at the city athletic complex with leagues from May through October."
SportsLink Sandbox at VBGB,sportslink-sandbox-charlotte,"920 Hamilton St, Charlotte, NC 28206",nc_clt,5,sand,false,true,true,true,true,35.2344,-80.8382,"Five sand volleyball courts adjacent to VBGB Beer Hall and Garden. SportsLink operates leagues and court rentals."
Renaissance Park,renaissance-park-charlotte,"1200 W Tyvola Rd, Charlotte, NC 28217",nc_clt,9,sand,true,true,true,true,false,35.1878,-80.8754,"Nine sand volleyball courts with lighted courts available for evening games."
Mako Beach Volleyball Club,mako-beach-mooresville,"435 Mazeppa Rd, Mooresville, NC 28115",nc_clt,4,sand,false,true,true,true,true,35.5621,-80.8360,"Four professional-quality white sand courts in the Lake Norman area with coed beer leagues and court rentals."
Wrightsville Beach Park,wrightsville-beach-park-wrightsville-beach,"321 Causeway Dr, Wrightsville Beach, NC 28480",nc_wilm,3,sand,true,false,true,true,true,34.2090,-77.7960,"Public park with three sand volleyball pits along the Wrightsville Beach Fitness Loop."
Captn Bills Backyard Grill,captn-bills-backyard-grill-wilmington,"4240 Market St, Wilmington, NC 28403",nc_wilm,12,sand,false,true,true,true,true,34.2350,-77.8730,"The East Coast's premier sand volleyball facility since 1992 with 12 lit sand courts and on-site brewery."
Wilmington Beach Academy,wilmington-beach-academy-leland,"9892 Wayne St, Leland, NC 28451",nc_wilm,2,sand,false,true,true,true,true,34.2050,-78.0290,"Private beach volleyball training facility with two sand courts offering lessons and court rentals."
O'Leaver's Sand Volleyball,oleavers-sand-volleyball-omaha,"1322 S Saddle Creek Rd, Omaha, NE 68106",ne_omaha,5,sand,false,true,true,true,true,41.2480,-95.9730,"Midtown Omaha's only multi-court sand volleyball complex with 5 courts and pro nets."
Winchester Sand Volleyball,winchester-sand-volleyball-omaha,"7002 Q St, Omaha, NE 68117",ne_omaha,5,sand,false,true,true,true,true,41.2080,-95.9570,"Multi-court sand volleyball complex in the Ralston area with 5 courts using the softest masonry sand available."
Sinnott's Sand Bar,sinnotts-sand-bar-papillion,"204 E Lincoln St, Papillion, NE 68046",ne_omaha,6,sand,false,true,true,true,true,41.1540,-96.0430,"Family-owned sand volleyball bar in Papillion with 6 courts and three fire pits."
Barrett's Barleycorn,barretts-barleycorn-omaha,"4322 Leavenworth St, Omaha, NE 68105",ne_omaha,1,sand,false,true,true,true,true,41.2530,-95.9630,"Classic Omaha pub with an outdoor sand volleyball court for league play and pickup games."
Point Pleasant Beach Volleyball,point-pleasant-beach-volleyball-point-pleasant,"1 Broadway, Point Pleasant Beach, NJ 08742",nj_shore,4,sand,true,false,true,true,false,40.0831,-74.0685,"Beach volleyball courts on the Point Pleasant boardwalk. Home to summer coed leagues June through August."
Great American Center,great-american-center-aberdeen,"17 Blair Rd, Aberdeen, NJ 07747",nj_shore,6,indoor_sand,false,true,true,true,true,40.4175,-74.2260,"New Jersey's first indoor beach volleyball facility with six sand courts and a full bar."
Stoneface Courts,stoneface-courts-albuquerque,"8201 San Pedro Dr NE, Albuquerque, NM 87113",nm_abq,10,sand,false,true,true,true,true,35.1560,-106.5700,"Albuquerque's premier 10-court sand volleyball facility hosting leagues and the Sandia Classic Doubles Tournament."
Duke City Beaches,duke-city-beaches-albuquerque,"10508 Menaul Blvd NE, Albuquerque, NM 87112",nm_abq,4,sand,false,true,true,true,true,35.1100,-106.5360,"Restaurant and winery venue with sand volleyball courts and sand soccer offering leagues and NM craft beers."
Sunset Park Sand Courts,sunset-park-las-vegas,"2601 E Sunset Rd, Las Vegas, NV 89120",nv_vegas,7,sand,false,true,true,true,false,36.0710,-115.1180,"Seven sand volleyball courts at a major Clark County park. Drop-in reservations at $12 per hour per court."
Polish Community Center,polish-community-center-albany,"225 Washington Ave Ext, Albany, NY 12205",ny_capital,3,sand,false,false,true,true,true,42.6870,-73.8100,"Outdoor sand volleyball courts hosting leagues since 1977. Competitive 4s on Mondays and recreational 6s on Tuesdays."
Grafton Lakes State Park,grafton-lakes-state-park-grafton,"100 Grafton Lakes State Park Way, Grafton, NY 12082",ny_capital,3,sand,true,false,true,true,false,42.7580,-73.4390,"Sand volleyball courts on the Long Pond beach at this 2545-acre state park near Albany."
Jones Beach Volleyball Courts,jones-beach-wantagh,"1 Ocean Pkwy, Wantagh, NY 11793",ny_li,6,sand,true,false,true,true,false,40.5963,-73.5082,"Sand volleyball courts near the Boardwalk Cafe at Jones Beach State Park. Hosts summer leagues and tournaments."
Long Beach Volleyball Courts,long-beach-volleyball-long-beach,"Laurelton Blvd Beach, Long Beach, NY 11561",ny_li,6,sand,true,false,true,true,false,40.5883,-73.6572,"Beach volleyball courts on the oceanfront. Home to East End Volleyball summer leagues since 1990."
North Beach LI,north-beach-li-mount-sinai,"269 NY-25A, Mount Sinai, NY 11766",ny_li,8,indoor_sand,false,true,true,true,true,40.9468,-73.0290,"The country's largest indoor sand volleyball facility with 8 courts plus a full bar and dart courts."
Endless Summer Volleyball,endless-summer-volleyball-oceanside,"3580 Oceanside Rd, Oceanside, NY 11572",ny_li,2,indoor_sand,false,true,true,true,true,40.6375,-73.6370,"Long Island's first indoor beach volleyball facility with two deep sand courts. Full bar and grill."
Pier 25,pier-25-new-york,"Hudson River Park, Pier 25, New York, NY 10013",ny_nyc,3,sand,false,true,true,false,true,40.7205,-74.0119,"Popular sand volleyball courts on the Hudson River waterfront in Tribeca. Pier 25 is one of NYC's premier volleyball destinations with league play and open courts."
Chelsea Piers Fitness,chelsea-piers-fitness,"Pier 62, Chelsea Piers, New York, NY 10011",ny_nyc,1,indoor_sand,false,true,true,true,true,40.7468,-74.0082,"NYC's only indoor beach volleyball court inside Chelsea Piers Fitness on Pier 62. Membership or day pass required. Year-round play with leagues and open gym."
Riverside Park (104th St),riverside-park-104th-st,"Riverside Park, W 104th St, New York, NY 10025",ny_nyc,2,sand,true,false,true,false,false,40.7998,-73.9695,"Sand courts in the Upper West Side section of Riverside Park. Great views of the Hudson River. Free to play, bring your own net."
Central Park Volleyball Courts,central-park-volleyball-courts,"Central Park, New York, NY 10024",ny_nyc,1,sand,true,false,true,false,false,40.7709,-73.9734,"Sand volleyball courts in Central Park, near the Great Lawn. Free and open to the public on a first-come, first-served basis."
Pier 6 (Brooklyn Bridge Park),pier-6-brooklyn-bridge-park,"Brooklyn Bridge Park, Pier 6, Brooklyn, NY 11201",ny_nyc,3,sand,true,false,true,false,true,40.6906,-73.9981,"Three sand volleyball courts at Pier 6 in Brooklyn Bridge Park with stunning Manhattan skyline views. Free and open to the public."
Domino Park,domino-park-brooklyn,"Domino Park, River St, Brooklyn, NY 11249",ny_nyc,1,sand,true,false,true,false,false,40.7139,-73.9680,"Small sand court at Domino Park along the Williamsburg waterfront. Great for casual games with East River views."
Rockaway Beach (73rd St),rockaway-beach-73rd-st,"Beach 73rd St, Rockaway Beach, NY 11692",ny_nyc,2,sand,true,false,true,false,false,40.5905,-73.7984,"Beach volleyball on the actual beach at Rockaway. The sand is real ocean beach sand. Best during summer months."
QBK Sports,qbk-sports-queens,"41-20 39th St, Long Island City, NY 11104",ny_nyc,3,indoor_sand,false,true,true,true,true,40.7471,-73.9256,"Indoor sand volleyball facility in Long Island City. Year-round play with leagues, clinics, and open gym. Paid facility."
Hunter's Point South Park,hunters-point-south-park,"Center Blvd, Long Island City, NY 11101",ny_nyc,2,sand,true,false,true,false,true,40.7418,-73.9608,"Sand volleyball courts in Hunter's Point South Park with views of the East River and Midtown Manhattan skyline."
Riverside Park South,riverside-park-south,"Riverside Park South, W 66th St, New York, NY 10069",ny_nyc,2,sand,true,false,true,false,false,40.7768,-73.9904,"Sand volleyball courts in Riverside Park South near W 65th-68th Streets. Bring your own net and equipment. First-come, first-served with Hudson River views."
Brighton Beach,brighton-beach-brooklyn,"Brighton Beach, Riegelmann Boardwalk, Brooklyn, NY 11235",ny_nyc,3,sand,true,false,true,false,false,40.5748,-73.9631,"Informal beach volleyball along the Riegelmann Boardwalk in Little Odessa. Brighton Beach has a vibrant volleyball community with competitive pickup games all summer. Bring your own net. Wide sandy beach with ocean breezes and easy B/Q subway access."
Hot Shots Indoor Beach Volleyball,hot-shots-rochester,"1046 University Ave, Rochester, NY 14607",ny_western,4,indoor_sand,false,true,true,true,true,43.1460,-77.5920,"Rochester's only indoor sand volleyball facility open year-round with a full bar and restaurant."
KAV Volleyball and Events,kav-volleyball-buffalo,"4090 Jeffrey Blvd, Buffalo, NY 14219",ny_western,3,indoor_sand,false,true,true,true,true,42.8490,-78.8230,"Indoor sand volleyball facility in Buffalo with three courts and a social hall."
Wilkeson Pointe,wilkeson-pointe-buffalo,"225 Fuhrmann Blvd, Buffalo, NY 14203",ny_western,4,sand,true,false,true,true,false,42.8640,-78.8750,"Sand volleyball courts on Buffalo's scenic Outer Harbor along Lake Erie."
G&T SportsPark,gt-sportspark-hilton,"373 North Greece Rd, Hilton, NY 14468",ny_western,2,sand,false,false,true,true,true,43.2870,-77.7860,"Outdoor sand volleyball complex northwest of Rochester hosting adult coed leagues."
Grand Sands Volleyball,grand-sands-loveland,"10750 Loveland-Madeira Rd, Loveland, OH 45140",oh_cincy,14,sand,false,true,true,true,true,39.1920,-84.2830,"Cincinnati's premier year-round sand volleyball facility with 7 indoor and 7 outdoor courts plus a bar and restaurant."
Cincinnati Sand Volleyball,cincinnati-sand-milford,"837 US-50, Milford, OH 45150",oh_cincy,7,sand,false,true,true,true,true,39.1740,-84.2760,"Seven professional outdoor sand courts along the scenic Little Miami River open April through September."
Setters Beach Volleyball,setters-beach-volleyball-cincinnati,"4005 Hopper Hill Rd, Cincinnati, OH 45255",oh_cincy,9,sand,false,true,true,true,true,39.0680,-84.3030,"Largest indoor and outdoor beach volleyball facility in the Cincinnati region with 5 indoor and 4 outdoor sand courts."
Edgewater Beach,edgewater-beach-cleveland,"6500 Cleveland Memorial Shoreway, Cleveland, OH 44102",oh_cle,4,sand,true,false,true,true,false,41.4900,-81.7350,"Public sand volleyball courts on the 2400-foot Lake Erie shoreline at Edgewater Park near downtown Cleveland."
Whiskey Island Volleyball,whiskey-island-cleveland,"2800 Whiskey Island Dr, Cleveland, OH 44102",oh_cle,4,sand,true,false,true,true,false,41.4940,-81.7180,"Sand volleyball courts at Wendy Park on Whiskey Island at the mouth of the Cuyahoga River."
NEO Sports Plant,neo-sports-plant-cleveland,"20001 Euclid Ave, Euclid, OH 44117",oh_cle,4,indoor_sand,false,true,true,true,true,41.5880,-81.5260,"Cleveland's only indoor sand volleyball facility with 4 sand courts plus an onsite sports bar."
SandBox Volleyball Club,sandbox-volleyball-club-broadview-heights,"1 Eagle Valley Ct, Broadview Heights, OH 44147",oh_cle,4,sand,false,true,true,true,true,41.3200,-81.6810,"Premier outdoor sand volleyball club in Northeast Ohio. Hosts competitive and recreational leagues."
Woodlands Backyard,woodlands-backyard-columbus,"668 Grandview Ave, Columbus, OH 43215",oh_cbus,9,sand,false,true,true,true,true,39.9800,-83.0470,"Nine sand volleyball courts; a seasonal dome covers part of the same court bank for winter play."
The VolleyPark,the-volleypark-columbus,"5501 Sandalwood Blvd, Columbus, OH 43229",oh_cbus,5,sand,false,true,true,true,true,40.0787,-82.9817,"Columbus's premier sand volleyball facility with 5 premium sand courts on the north side."
Flannagan's Dublin,flannagans-dublin-columbus,"6835 Caine Rd, Columbus, OH 43235",oh_cbus,16,sand,false,true,true,true,true,40.1080,-83.1270,"Massive sand volleyball complex in Dublin with 10 outdoor and 6 indoor sand courts plus a sports bar."
Oasis Beach,oasis-beach-lewis-center,"459 Orange Point Dr, Lewis Center, OH 43035",oh_cbus,4,indoor_sand,false,true,true,true,true,40.1770,-82.9910,"Year-round indoor sand volleyball with 4 full-sized courts. Offers leagues for all levels."
Boombox Beach Club Indoor,boombox-beach-club-oklahoma-city,"2200 NE 63rd St, Oklahoma City, OK 73111",ok_okc,8,indoor_sand,false,true,true,true,true,35.5090,-97.4822,"Oklahoma's premier purpose-built indoor beach volleyball facility with 8 climate-controlled indoor sand courts."
Pearl Beach Brew Pub Hefner,pearl-beach-brew-pub-oklahoma-city,"3330 NW 112th Terrace, Oklahoma City, OK 73120",ok_okc,6,sand,false,true,true,true,true,35.5946,-97.5593,"Six lighted premium sand volleyball courts at a brew pub near Lake Hefner. Home of OSSO leagues."
Wiley Post Park,wiley-post-park-oklahoma-city,"2021 S Robinson Ave, Oklahoma City, OK 73109",ok_okc,1,sand,true,false,true,true,false,35.4453,-97.5166,"Public park sand volleyball court with open fields and playground. Bring your own net and ball."
Boombox Beach Club Outdoor,boombox-outdoor-oklahoma-city,"2200 NE 63rd St, Oklahoma City, OK 73111",ok_okc,6,sand,false,true,true,true,true,35.5090,-97.4822,"Six outdoor sand courts complementing Boombox's indoor facility. Hosts leagues and AVP events."
Delta Park Sand Courts,delta-park-portland,"10850 N Denver Ave, Portland, OR 97217",pnw_pdx,6,sand,true,true,true,true,false,45.5930,-122.6870,"Six beach sand volleyball courts at East Delta Park's Owens Sports Complex with high-quality sand."
Woks Up Beach Volleyball,woks-up-portland,"17527 SE Stark St, Portland, OR 97233",pnw_pdx,4,sand,false,true,true,true,true,45.5190,-122.4870,"Four lighted outdoor sand volleyball courts with leagues tournaments and lessons plus a bar and restaurant."
Eastmoreland Sports Club,eastmoreland-courts-portland,"3015 SE Berkeley Pl, Portland, OR 97202",pnw_pdx,4,sand,false,true,true,true,true,45.4690,-122.6380,"Portland's premiere sand volleyball facility with outdoor sand courts at a full-service sports club."
Heyday Athletic Sand Courts,heyday-athletic-philadelphia,"1325 N Beach St, Philadelphia, PA 19125",pa_philly,4,sand,false,false,false,true,true,39.9740,-75.1350,"Outdoor sand volleyball courts in Fishtown operated by Heyday Athletic for adult leagues."
Buckley Green Drexel,buckley-green-drexel-philadelphia,"33rd and Arch St, Philadelphia, PA 19104",pa_philly,2,sand,true,true,true,false,false,39.9570,-75.1900,"Two lighted beach volleyball courts on Drexel University's campus with day and night play."
Highland Park Sand Courts,highland-park-pittsburgh,"151 Lake Dr, Pittsburgh, PA 15206",pa_pitt,3,sand,true,false,true,true,false,40.4830,-79.9220,"Sand volleyball courts in scenic Highland Park. Home to Pittsburgh Sports League sand volleyball."
Simmons Park,simmons-park-bethel-park,"1200 Clifton Rd, Bethel Park, PA 15102",pa_pitt,1,sand,true,true,true,true,false,40.3310,-80.0180,"Lighted sand volleyball court with beautiful white sand and a professional net in the South Hills."
Blueberry Hill Park,blueberry-hill-park-franklin-park,"2344 W Ingomar Rd, Pittsburgh, PA 15237",pa_pitt,2,sand,true,false,true,true,false,40.5830,-80.0870,"Two sand volleyball courts in Franklin Park Borough's premier 87-acre community park."
Charleston Beach Volleyball & Social Club,charleston-beach-vb-mount-pleasant,"1460 Ben Sawyer Blvd, Mount Pleasant, SC 29464",sc_charleston,5,sand,false,true,true,true,true,32.7913,-79.8625,"Five fully lit sand courts offering adult leagues pickup games and tournaments for all skill levels."
Isle of Palms County Park,isle-of-palms-county-park-isle-of-palms,"1 14th Ave, Isle of Palms, SC 29451",sc_charleston,1,sand,false,false,true,true,false,32.7878,-79.7714,"Sand volleyball court at the beachfront county park with picnic areas and ocean access."
Creekside Tennis & Swim Club,creekside-tennis-swim-mount-pleasant,"790 Creekside Dr, Mount Pleasant, SC 29464",sc_charleston,2,sand,false,false,true,true,true,32.8125,-79.8530,"Private club in Mount Pleasant with sand volleyball courts alongside tennis and swim facilities."
Centennial Park,centennial-park-nashville,"2500 West End Ave, Nashville, TN 37203",tn_nash,2,sand,true,false,true,true,false,36.1497,-86.8137,"Two outdoor sand volleyball courts in Nashville's iconic Centennial Park. Free to the public."
SandBar at oneC1TY,sandbar-nashville,"3 City Ave Suite 500, Nashville, TN 37209",tn_nash,2,sand,false,true,true,true,true,36.1548,-86.8268,"Two sand volleyball courts at the oneC1TY development with a bar and hourly court rentals."
Frankie Pierce Park,frankie-pierce-park-nashville,"130 LifeWay Plz, Nashville, TN 37203",tn_nash,1,sand,true,false,true,true,false,36.1530,-86.7760,"Public sand volleyball court in a 2.5-acre downtown park. Free and open to the public."
Hyden Beach,hyden-beach-spring-hill,"5191 Joe Peay Rd, Spring Hill, TN 37174",tn_nash,6,sand,false,true,true,true,true,35.7340,-86.9047,"Six outdoor beach courts founded by Olympic volleyball player John Hyden. Hosts AVPAmerica tournaments."
Zilker Park Sand Volleyball Courts,zilker-park-austin,"2200 Stratford Dr, Austin, TX 78746",tx_austin,5,sand,true,false,true,true,false,30.2669,-97.7731,"Free public sand volleyball courts in Zilker Park near Barton Springs. First-come first-served."
ATX Beach,atx-beach-austin,"11000 Middle Fiskville Rd, Austin, TX 78753",tx_austin,8,sand,false,true,true,true,true,30.3384,-97.7003,"The largest sand volleyball venue in Austin with eight professional-grade courts and lighted night play."
Austin Sports Center Sand Complex,austin-sports-center-sand-leander,"1420 Toro Grande Blvd, Cedar Park, TX 78613",tx_austin,4,sand,false,true,true,true,true,30.5680,-97.8360,"Outdoor sand complex with four competition courts."
Woolys Beach ATX,woolys-beach-austin,"514 E St Elmo Rd, Austin, TX 78745",tx_austin,2,sand,false,true,true,true,true,30.2206,-97.7712,"Deep white sand courts at The Yard off South Congress. Online booking seven days a week."
Moontower Saloon,moontower-saloon-austin,"10212 Manchaca Rd, Austin, TX 78748",tx_austin,3,sand,false,true,true,true,true,30.1730,-97.8106,"South Austin saloon on 11 acres with three professional-grade sand courts and shaded viewing gallery."
Aussies Grill and Beach Bar,aussies-grill-austin,"306 Barton Springs Rd, Austin, TX 78704",tx_austin,2,sand,false,true,true,false,true,30.2620,-97.7520,"Bar and grill on Barton Springs Road with two sand volleyball courts and year-round league play."
The Sports Garden,sports-garden-coppell,"1850 E Belt Line Rd, Coppell, TX 75019",tx_dallas,24,sand,false,true,true,true,true,32.9450,-96.9782,"Massive DFW sand volleyball complex with over 24 courts and a full restaurant and bar."
Sandy Pickle,sandy-pickle-dallas,"5683 Village Glen Dr, Dallas, TX 75206",tx_dallas,6,sand,false,true,true,true,true,32.8570,-96.7700,"Sand volleyball and pickleball venue in The Village with six sand courts. Courts rent for $30-$40/hour."
Bryan Street Tavern,bryan-street-tavern-dallas,"4315 Bryan St, Dallas, TX 75204",tx_dallas,2,sand,false,true,true,true,true,32.7900,-96.7670,"Popular East Dallas sports bar with sand volleyball courts and weekly league nights."
MADSAND Volleyball,madsand-volleyball-plano,"2517 Summit Ave, Plano, TX 75074",tx_dallas,4,sand,false,true,true,true,true,33.0290,-96.7280,"Year-round outdoor beach volleyball program with four sand courts. Training and adult leagues."
The Beach at Craig Ranch,the-beach-at-craig-ranch-mckinney,"6145 Alma Rd, McKinney, TX 75070",tx_dallas,12,sand,false,true,true,true,true,33.1680,-96.6670,"Premier 90000 sq ft outdoor sand complex with 12 courts for volleyball and beach tennis."
Kiest Park,kiest-park-dallas,"3080 S Hampton Rd, Dallas, TX 75224",tx_dallas,2,sand,true,false,true,true,false,32.7080,-96.8530,"Free public sand volleyball courts in a large 263-acre Dallas metro park."
Third Coast Volleyball,third-coast-volleyball-houston,"5652 Forney Dr, Houston, TX 77036",tx_houston,10,sand,false,true,true,true,true,29.7010,-95.5370,"Beach volleyball facility with ten lighted outdoor sand courts."
Sideout VolleyBar,sideout-volleybar-houston,"2623 Keene St, Houston, TX 77009",tx_houston,3,sand,false,true,true,true,true,29.7930,-95.3820,"Sports bar in a restored 1920s bungalow with three professional illuminated sand courts in the Heights."
The Decoy,the-decoy-houston,"1222 Witte Rd Bldg B Ste 200, Houston, TX 77055",tx_houston,3,sand,false,true,true,true,true,29.7890,-95.4840,"Outdoor social venue with three world-class sand volleyball courts plus yard games."
HTX Sports Creek,htx-sports-creek-houston,"2619 Polk St, Houston, TX 77003",tx_houston,3,sand,false,true,true,false,true,29.7480,-95.3520,"East Downtown sand volleyball venue with three professional courts and a bar."
East Beach Galveston,east-beach-galveston,"1923 Boddeker Dr, Galveston, TX 77550",tx_houston,30,sand,false,false,true,true,false,29.3340,-94.7470,"The largest permanent beach volleyball installation on the Gulf Coast with 30 courts."
Stewart Beach Galveston,stewart-beach-galveston,"201 Seawall Blvd, Galveston, TX 77550",tx_houston,4,sand,false,false,true,true,false,29.3010,-94.7760,"Family-friendly Galveston beach with sand volleyball courts along the seawall."
Chester L Davis Sportsplex,league-city-sportsplex-league-city,"1251 League City Pkwy, League City, TX 77573",tx_houston,6,sand,true,true,true,true,false,29.4950,-95.1090,"Municipal sportsplex halfway between Houston and Galveston with six lighted fenced sand courts."
Sideliners Grill,sideliners-grill-san-antonio,"15630 Henderson Pass, San Antonio, TX 78232",tx_sat,10,sand,false,true,true,true,true,29.5790,-98.5170,"San Antonio's largest sand volleyball venue with 10 outdoor courts and a sports bar."
The Dog Co Icehouse,dog-co-icehouse-san-antonio,"4302 Hyatt Pl Dr, San Antonio, TX 78230",tx_sat,1,sand,false,true,true,true,true,29.5530,-98.5670,"Dog-friendly icehouse with one bookable sand volleyball court."
Mainland Sports Complex,mainland-sports-complex-san-antonio,"8002 Sand Pebble, San Antonio, TX 78250",tx_sat,2,sand,false,true,true,true,true,29.5100,-98.6440,"Multi-sport complex with two full-size beach volleyball courts available for rent."
SandBar SLC,sandbar-slc-north-salt-lake,"680 S Redwood Rd, North Salt Lake, UT 84054",ut_slc,9,indoor_sand,false,true,true,true,true,40.8480,-111.9190,"Utah's first indoor sand volleyball venue with 5 indoor and 4 outdoor courts plus a bar."
SandBar South,sandbar-south-bluffdale,"920 W 14600 S Suite 300, Bluffdale, UT 84065",ut_slc,6,indoor_sand,false,true,true,true,true,40.4890,-111.9190,"Second SandBar location with 6 indoor sand courts for leagues and open play."
Liberty Park Sand Courts,liberty-park-salt-lake-city,"600 Harvey Milk Blvd, Salt Lake City, UT 84105",ut_slc,3,sand,true,true,true,true,false,40.7470,-111.8720,"Three lighted sand volleyball courts in Salt Lake City's beloved 80-acre Liberty Park."
Oceanfront 19th Street,oceanfront-19th-street-virginia-beach,"19th St & Oceanfront, Virginia Beach, VA 23451",va_beach,2,sand,true,false,false,true,false,36.8529,-75.9716,"Free public sand volleyball courts on the Virginia Beach oceanfront at 19th Street."
Oceanfront 33rd Street,oceanfront-33rd-street-virginia-beach,"33rd St & Oceanfront, Virginia Beach, VA 23451",va_beach,2,sand,true,false,false,true,false,36.8622,-75.9650,"Free public sand volleyball nets at 33rd Street on the Virginia Beach boardwalk."
TVA Sand Center,tva-sand-center-virginia-beach,"2644 Dean Dr, Virginia Beach, VA 23452",va_beach,4,indoor_sand,false,true,true,true,true,36.8378,-76.0940,"The largest indoor sand volleyball facility in Virginia with four Olympic-sized indoor sand courts."
Virginia Beach Field House,virginia-beach-field-house-virginia-beach,"2020 Landstown Centre Way, Virginia Beach, VA 23456",va_beach,8,sand,false,true,true,true,true,36.7845,-76.1096,"Eight regulation outdoor sand volleyball courts at a major multi-sport facility."
Golden Gardens Park,golden-gardens-seattle,"8498 Seaview Pl NW, Seattle, WA 98117",pnw_seattle,6,sand,true,false,true,true,false,47.6920,-122.4020,"Six beachfront sand volleyball courts on Puget Sound with four reservable and two drop-in courts."
Alki Beach Park,alki-beach-seattle,"2665 Alki Ave SW, Seattle, WA 98116",pnw_seattle,8,sand,true,false,true,true,false,47.5790,-122.4100,"Eight sand volleyball courts on Seattle's iconic West Seattle beach."
Sandman's Courts,sandmans-courts-seattle,"3723 S Hudson St, Seattle, WA 98118",pnw_seattle,2,indoor_sand,false,true,true,true,true,47.5630,-122.2840,"Year-round indoor sand volleyball facility in Columbia City with two courts."
Bradford Beach,bradford-beach-milwaukee,"2400 N Lincoln Memorial Dr, Milwaukee, WI 53211",wi_mke,8,sand,true,true,true,true,true,43.0590,-87.8780,"Iconic Lake Michigan beach with sand volleyball courts and leagues six days a week May through August."
Sussex Place,sussex-place-sussex,"N64 W24576 Main St, Sussex, WI 53089",wi_mke,6,sand,false,true,true,true,true,43.1340,-88.2240,"Year-round facility west of Milwaukee with 3 indoor and 3 outdoor sand courts."
Kelly's Bleachers,kellys-bleachers-wind-lake,"7805 S Loomis Rd, Wind Lake, WI 53185",wi_mke,6,sand,false,true,true,true,true,42.8270,-88.1470,"Bar and sand volleyball venue south of Milwaukee with 3 indoor and 3 outdoor courts."
South Shore Park,south-shore-park-milwaukee,"2900 S Shore Dr, Milwaukee, WI 53207",wi_mke,2,sand,true,false,true,true,false,42.9980,-87.8890,"Public sand volleyball courts at South Shore Park in the Bay View neighborhood along Lake Michigan."
Emma Long Metropolitan Park,emma-long-metropolitan-park-austin,"1600 City Park Rd, Austin, TX 78730",tx_austin,4,sand,false,false,true,true,true,30.327380,-97.839629,"Four public sand courts with permanent nets at a year-round lakeside city park; park admission applies."
Pease District Park,pease-district-park-austin,"1100 Kingsbury St, Austin, TX 78703",tx_austin,3,sand,true,false,true,true,true,30.281716,-97.752406,"Three free public sand courts with permanent nets in central Austin."
Dick Nichols District Park,dick-nichols-district-park-austin,"8101 Beckett Rd, Austin, TX 78749",tx_austin,2,sand,true,true,true,true,true,30.213678,-97.862505,"Two free lighted public sand courts with permanent nets."
Circle C Ranch Metropolitan Park,circle-c-ranch-metropolitan-park-austin,"6301 W Slaughter Ln, Austin, TX 78739",tx_austin,2,sand,true,false,true,true,true,30.205091,-97.886457,"Two free public sand courts with permanent nets and partial natural shade."
Mary Moore Searight Metropolitan Park,mary-moore-searight-metropolitan-park-austin,"907 W Slaughter Ln, Austin, TX 78748",tx_austin,2,sand,true,false,true,true,false,30.167719,-97.807153,"Two free public sand courts at a large south Austin metropolitan park."
Walter E. Long Metropolitan Park,walter-e-long-metropolitan-park-austin,"6620 Blue Bluff Rd, Austin, TX 78724",tx_austin,2,sand,false,false,true,true,true,30.282846,-97.608715,"Two public sand courts with permanent nets at a lakeside city park; park admission applies."
Wakefield Crowbar,wakefield-crowbar-houston,"954 Wakefield Dr, Houston, TX 77018",tx_houston,3,sand,false,true,true,true,true,29.821569,-95.422658,"Three reservable outdoor sand courts at a restaurant and social venue in Garden Oaks."
Manhattan Park,manhattan-park-east-grand-rapids,"3180 Cascade Rd SE, East Grand Rapids, MI 49506",mi_gr,4,sand,true,false,true,true,true,42.956857,-85.591645,"Four renovated public sand courts available first-come or by hourly reservation."
Beachwood Sand Volleyball Courts,beachwood-sand-volleyball-courts,"25125 Fairmount Blvd, Beachwood, OH 44122",oh_cle,2,sand,true,false,true,true,true,41.486099,-81.501414,"Two regulation-size public sand courts open dawn to dusk beside the Beachwood Family Aquatic Center."
Shawnee Mission Beach Volleyball,shawnee-mission-beach-volleyball-shawnee,"19800 Johnson Dr, Shawnee, KS 66218",ks_kc,18,sand,false,true,true,true,true,39.025844,-94.812972,"Large eight-acre beach volleyball complex with 18 lighted sand courts, leagues, tournaments, rentals, and a bar and grill."
Altos Del Mar Volleyball Courts,altos-del-mar-volleyball-courts-miami-beach,"7601 Atlantic Way, Miami Beach, FL 33141",fl_east,2,sand,true,false,true,true,false,25.861487,-80.120266,"Two public outdoor sand beach volleyball courts at Altos Del Mar."
North Beach Oceanside Park Volleyball Courts,north-beach-oceanside-park-volleyball-courts-miami-beach,"Collins Ave at 81st St, Miami Beach, FL 33141",fl_east,2,sand,true,false,true,true,false,25.864684,-80.120172,"Two public beach volleyball courts in North Beach Oceanside Park."
Sand Bowl Volleyball Courts,sand-bowl-volleyball-courts-miami-beach,"7275 Collins Ave, Miami Beach, FL 33141",fl_east,4,sand,true,false,true,true,false,25.858123,-80.120481,"Four public sand volleyball courts adjacent to the Miami Beach Bandshell."
Tatum Park Volleyball Courts,tatum-park-volleyball-courts-miami-beach,"8050 Byron Ave, Miami Beach, FL 33141",fl_east,2,sand,true,false,true,true,false,25.865512,-80.123998,"Two public sand volleyball courts at Tatum Park."
Quincy Park Sand Volleyball Court,quincy-park-sand-volleyball-court-arlington,"1021 N Quincy St, Arlington, VA 22201",dc_metro,1,sand,true,false,true,true,false,38.885611,-77.107981,"Public sand volleyball court available for drop-in play and rentals."
Towers Park Sand Volleyball Court,towers-park-sand-volleyball-court-arlington,"801 S Scott St, Arlington, VA 22204",dc_metro,1,sand,true,false,false,true,false,38.867109,-77.077661,"Public sand volleyball court available for drop-in play and rentals."
Westover Park Sand Volleyball Court,westover-park-sand-volleyball-court-arlington,"1001 N Kennebec St, Arlington, VA 22205",dc_metro,1,sand,true,false,true,true,false,38.880179,-77.135731,"Public sand volleyball court with scheduled drop-in availability."
Alcova Heights Park Sand Volleyball Court,alcova-heights-park-sand-volleyball-court-arlington,"901 S George Mason Dr, Arlington, VA 22204",dc_metro,1,sand,true,false,true,true,false,38.862854,-77.102872,"Public sand volleyball court in Alcova Heights Park."
Virginia Highlands Park Sand Volleyball Court,virginia-highlands-park-sand-volleyball-court-arlington,"1600 S Hayes St, Arlington, VA 22202",dc_metro,,sand,true,false,true,true,false,38.858777,-77.059912,"Public outdoor sand volleyball facility available for drop-in play."
Olney Manor Recreational Park Sand Courts,olney-manor-recreational-park-sand-courts-olney,"16601 Georgia Ave, Olney, MD 20832",dc_metro,2,sand,true,false,true,true,false,39.127522,-77.071154,"Two public sand volleyball courts, including one accessible court."
Ontario Beach Park Volleyball Courts,ontario-beach-park-volleyball-courts-rochester,"4800 Lake Ave, Rochester, NY 14612",ny_western,6,sand,true,false,true,true,false,43.259995,-77.609028,"Six reservable beach volleyball courts at Ontario Beach Park."
Cauley Creek Park Sand Volleyball Courts,cauley-creek-park-sand-volleyball-courts-johns-creek,"7255 Bell Rd, Johns Creek, GA 30097",ga_atl,3,sand,true,false,true,true,true,34.038396,-84.153126,"Three public sand volleyball courts open first-come, first-served when not reserved."
Atlanta Beach House,atlanta-beach-house-suwanee,"811 Brogdon Rd, Suite 112, Suwanee, GA 30024",ga_atl,2,indoor_sand,false,true,true,true,true,34.076762,-84.054142,"Two indoor sand courts operated by Atlanta Volleyball Academy."
Alpharetta Beach Volleyball Courts,alpharetta-beach-volleyball-courts-alpharetta,"1720 Old Milton Pkwy, Suite B, Alpharetta, GA 30009",ga_atl,2,sand,false,false,true,true,true,34.072984,-84.309569,"Two professional outdoor beach volleyball courts with natural sand."
Cedar Beach Volleyball Courts,cedar-beach-volleyball-courts-babylon,"Ocean Pkwy, Babylon, NY 11702",ny_li,,sand,false,false,true,true,true,40.635409,-73.335762,"Oceanfront beach volleyball venue with permanent adjustable nets and seasonal leagues."
Point Lookout Beach Volleyball,point-lookout-beach-volleyball-point-lookout,"1300 Lido Blvd, Point Lookout, NY 11569",ny_li,,sand,false,false,true,true,true,40.591983,-73.599049,"Seasonal organized beach volleyball at Town Park at Point Lookout."
Esker Point Beach Park,esker-point-beach-park-groton,"900 Groton Long Point Rd, Groton, CT 06340",ne_ri,8,sand,true,false,true,true,true,41.320965,-72.000045,"Eight reservable beach volleyball courts at Groton's public Esker Point Beach Park, with active seasonal leagues."
Roosevelt Park Sand Volleyball Court,roosevelt-park-sand-volleyball-court-edison,"151 Parsonage Rd, Edison, NJ 08837",nj_shore,1,sand,true,false,false,true,true,40.554517,-74.340340,"Public sand volleyball court opened by Middlesex County in 2025 on Oak Drive beyond the park lake."
Breakwater Beach Volleyball Courts,breakwater-beach-volleyball-courts-mattituck,"5155 Breakwater Rd, Mattituck, NY 11952",ny_li_east,,sand,false,false,true,true,true,41.013548,-72.560452,"Resident-access beach volleyball courts available for pickup play when not reserved for events or leagues."
Stoneridge Park Sand Volleyball Court,stoneridge-park-sand-volleyball-court-glenshaw,"300 Wetzel Rd, Glenshaw, PA 15116",pa_pitt,1,sand,true,false,false,true,false,40.523858,-79.968969,"Public sand volleyball court at Shaler Township's Stoneridge Park."
Brodie Park Sand Volleyball Court,brodie-park-sand-volleyball-court-new-hartford,"580 West Hill Rd, New Hartford, CT 06057",ct_nw,1,sand,false,false,true,true,false,41.876805,-73.033335,"Sand volleyball court beside West Hill Lake; summer waterfront access requires a beach pass."
Memorial Park Sand Volleyball Court,memorial-park-sand-volleyball-court-mansfield,"111 Hope St, Mansfield, MA 02048",ne_bos,1,sand,true,true,true,true,true,42.032974,-71.209910,"Lighted public sand court hosting Mansfield's seasonal pickup league."
Poplar Beach Volleyball Courts,poplar-beach-volleyball-courts-half-moon-bay,"Poplar St & Railroad Ave, Half Moon Bay, CA 94019",norcal_sf,4,sand,true,false,false,true,true,37.4551716,-122.4446325,"Four seasonal public beach-volleyball courts at Poplar Beach, used by the city league and open first-come when not programmed."
Dockweiler State Beach Volleyball Courts,dockweiler-state-beach-volleyball-courts-playa-del-rey,"12001 Vista del Mar, Playa del Rey, CA 90293",socal_la,,sand,true,false,true,true,true,33.9278880,-118.4342633,"Public beach volleyball courts along Dockweiler State Beach."
Redondo Beach Volleyball Courts,redondo-beach-volleyball-courts-redondo-beach,"400-1700 Esplanade, Redondo Beach, CA 90277",socal_la,,sand,true,false,true,true,true,33.8363080,-118.3881500,"Public beach volleyball courts distributed along Redondo Beach."
Torrance Beach Volleyball Courts,torrance-beach-volleyball-courts-torrance,"387 Paseo de la Playa, Torrance, CA 90501",socal_la,,sand,true,false,true,true,true,33.8114500,-118.3905780,"Public beach volleyball courts at Torrance Beach, also known locally as RAT Beach."
Malibu Surfrider Beach Volleyball Courts,malibu-surfrider-beach-volleyball-courts-malibu,"23050 & 23200 Pacific Coast Hwy, Malibu, CA 90265",socal_la,,sand,true,false,true,true,false,34.0349300,-118.6800400,"Public beach-volleyball play at Malibu Surfrider Beach."
Zuma Beach Volleyball Courts,zuma-beach-volleyball-courts-malibu,"30000 Pacific Coast Hwy, Malibu, CA 90265",socal_la,,sand,true,false,true,true,true,34.0202650,-118.8280060,"Public volleyball courts along Zuma Beach."
Marina Mother's Beach Volleyball Courts,marina-mothers-beach-volleyball-courts-marina-del-rey,"4101 Admiralty Way, Marina del Rey, CA 90292",socal_la,,sand,true,false,true,true,false,33.9821010,-118.4589470,"Public sand volleyball courts at Marina Beach, commonly called Mother's Beach."
West Beach Volleyball Courts,west-beach-volleyball-courts-santa-barbara,"West Beach, Santa Barbara, CA 93109",central_sb,,sand,true,false,true,true,true,34.4091912,-119.6935737,"Public beach-volleyball bank between Stearns Wharf and Santa Barbara Harbor; official city pages publish conflicting court counts."
Indian School Park Sand Courts,indian-school-park-sand-courts-scottsdale,"4289 N Hayden Rd, Scottsdale, AZ 85251",az_phoenix,4,sand,true,true,true,true,true,33.4980373,-111.9096469,"Four lighted public sand courts used for Scottsdale's year-round adult sand-volleyball leagues."
Northsight Park Sand Courts,northsight-park-sand-courts-scottsdale,"8400 E Thunderbird Rd, Scottsdale, AZ 85260",az_phoenix,2,sand,true,true,true,false,true,33.6111600,-111.8996390,"Two lighted public sand volleyball courts at Northsight Park."
Cactus Park Sand Court,cactus-park-sand-court-scottsdale,"7202 E Cactus Rd, Scottsdale, AZ 85260",az_phoenix,1,sand,true,true,true,false,true,33.5967809,-111.9257690,"One lighted public sand volleyball court at Cactus Park."
Boulder Reservoir Sand Courts,boulder-reservoir-sand-courts-boulder,"5565 N 51st St, Boulder, CO 80301",co_denver,2,sand,false,false,true,true,false,40.0711736,-105.2220206,"Two sand volleyball courts beside the Pro Hill picnic area at Boulder Reservoir; admission may apply."
Quail Lake Park Sand Courts,quail-lake-park-sand-courts-colorado-springs,"915 Cheyenne Mountain Blvd, Colorado Springs, CO 80906",co_springs,2,sand,true,false,false,true,false,38.7862060,-104.8023180,"Two public sand volleyball courts at Quail Lake Park."
Olympic Park Sand Courts,olympic-park-sand-courts-aurora,"2465 S Wheel Park Cir, Aurora, CO 80014",co_denver,2,sand,true,false,true,true,false,39.6698889,-104.8057615,"Two reservable public sand volleyball courts at Aurora's Olympic Park."
Fairmont Park Sand Courts,fairmont-park-sand-courts-salt-lake-city,"1040 E Sugarmont Dr, Salt Lake City, UT 84106",ut_slc,3,sand,true,true,true,true,true,40.7226101,-111.8598160,"Three lighted reservable sand volleyball courts with nets at Fairmont Park."
Sunset Park Sand Volleyball Courts,sunset-park-sand-volleyball-courts-las-vegas,"2601 E Sunset Rd, Las Vegas, NV 89120",nv_vegas,7,sand,true,true,true,true,true,36.0715141,-115.1045144,"Seven public sand volleyball courts with reservable and first-come play at Sunset Park."
Calvary Parks Sand Volleyball Courts,calvary-parks-sand-volleyball-courts-albuquerque,"4001 Osuna Rd NE, Albuquerque, NM 87109",nm_abq,,sand,true,true,false,true,true,35.1557660,-106.5978340,"Publicly accessible sand volleyball courts on the Calvary Church Osuna campus, open daily when the campus is open."
Ellenberger Park Sand Volleyball Court,ellenberger-park-sand-volleyball-court-indianapolis,"5301 E St Clair St, Indianapolis, IN 46219",in_indy,1,sand,true,false,true,true,true,39.7778680,-86.0765580,"Free public sand volleyball court at Ellenberger Park."
Carver Sand Volleyball Court,carver-sand-volleyball-court,"939 E 132nd St, Chicago, IL 60827",il_chicago,1,sand,true,false,false,true,true,41.6551896,-87.5992212,"Public sand volleyball court at Carver Park, open during regular park hours."
Rainey Sand Volleyball Court,rainey-sand-volleyball-court,"4350 W 79th St, Chicago, IL 60652",il_chicago,1,sand,true,false,false,true,true,41.7503231,-87.7310042,"Public sand volleyball court at Rainey Park."
Welles Sand Volleyball Court,welles-sand-volleyball-court,"2333 W Sunnyside Ave, Chicago, IL 60625",il_chicago,1,sand,true,false,true,true,true,41.9628179,-87.6866340,"Public sand volleyball court at Welles Park."
Munroe Volleyball Court (Sand),munroe-sand-volleyball-court,"2617 W 105th St, Chicago, IL 60655",il_chicago,1,sand,true,false,false,true,true,41.7025498,-87.6870264,"Public sand volleyball court at Munroe Park."
River Park Volleyball Court (Sand),river-park-sand-volleyball-court,"5100 N Francisco Ave, Chicago, IL 60625",il_chicago,1,sand,true,false,true,true,true,41.9740019,-87.7019624,"Public sand volleyball court at River Park."
Frisco Lake Park Sand Volleyball Courts,frisco-lake-park-sand-volleyball,"1100 E Dennis Ave, Olathe, KS 66061",ks_kc,2,sand,true,false,true,true,false,38.8692096,-94.8032094,"Two public sand volleyball courts at Frisco Lake Park."
English Landing Park Sand Volleyball Courts,english-landing-park-sand-volleyball,"8701 McAfee St, Parkville, MO 64152",ks_kc,3,sand,true,false,true,true,true,39.1859226,-94.6821678,"Three rentable public sand volleyball courts at English Landing Park."
Phalen Regional Park Beach Sand Volleyball Courts,phalen-beach-sand-volleyball,"1400 Phalen Dr, Saint Paul, MN 55106",mn_minn,,sand,true,false,true,true,false,44.9830282,-93.0538807,"Seasonal public sand volleyball courts at Phalen Regional Park Beach."
Lake Susan Park Sand Volleyball Courts,lake-susan-park-sand-volleyball,"903 Lake Dr, Chanhassen, MN 55317",mn_minn,2,sand,true,false,true,true,true,44.8571041,-93.5375883,"Two public sand volleyball courts at Lake Susan Park."
Lakeside Lions Park Sand Volleyball Courts,lakeside-lions-park-sand-volleyball,"7840 Pleasant View Dr, Spring Lake Park, MN 55432",mn_minn,2,sand,true,false,false,true,true,45.1198202,-93.2265882,"Two public sand volleyball courts at Lakeside Lions Park."
Millennium Park Sand Volleyball Courts,millennium-park-sand-volleyball,"1415 Maynard Ave SW, Walker, MI 49534",mi_gr,2,sand,false,false,true,true,true,42.9401854,-85.7443825,"Two seasonal sand courts at Millennium Park: one in the main recreation area and one inside the paid beach area."
Scioto Audubon Metro Park Sand Volleyball Courts,scioto-audubon-sand-volleyball,"400 W Whittier St, Columbus, OH 43215",oh_cbus,3,sand,true,false,true,true,true,39.9445256,-83.0046093,"Three public sand volleyball courts at Scioto Audubon Metro Park."
Juilfs Park Sand Volleyball Courts,juilfs-park-sand-volleyball,"8200 Patton Ave, Cincinnati, OH 45244",oh_cincy,2,sand,true,false,true,true,true,39.0850125,-84.3261118,"Two free first-come sand volleyball courts at Juilfs Park."
Lakewood Park Sand Volleyball Courts,lakewood-park-sand-volleyball,"14532 Lake Ave, Lakewood, OH 44107",oh_cle,2,sand,true,false,true,true,true,41.4931155,-81.7961973,"Two public sand volleyball courts at Lakewood Park."
Holidays Sports Bar and Volleyball,holidays-sports-bar-volleyball-west-seneca,"935 Harlem Rd, West Seneca, NY 14224",ny_western,3,sand,false,true,true,true,true,42.8685128,-78.7867344,"Three sand volleyball courts with year-round leagues; a seasonal dome covers the same sand courts for winter play."
Veterans Park Sand Volleyball Court,veterans-park-sand-volleyball-west-seneca,"1250 Union Rd, West Seneca, NY 14224",ny_western,1,sand,true,false,true,true,true,42.8345468,-78.7546307,"Public sand volleyball court at Veterans Park, locally field-confirmed in 2026."
The R.O.C.K. Outdoor Sand Courts,the-rock-outdoor-sand-courts-west-seneca,"425 Meyer Rd, West Seneca, NY 14224",ny_western,4,sand,false,true,true,true,true,42.8445977,-78.7691641,"Four lighted outdoor sand volleyball courts at The R.O.C.K., locally field-confirmed in 2026; the facility also has separate indoor hard courts."
English Bay Beach Volleyball,english-bay-beach-volleyball-vancouver,"English Bay Beach, Vancouver, BC V6E 1V3",ca_bc_vancouver,,sand,true,false,true,true,false,49.2862660,-123.1435930,"Two seasonal spaces for bring-your-own-poles-and-net beach volleyball at English Bay."
Hastings Park Beach Volleyball Courts,hastings-park-beach-volleyball-vancouver,"2901 E Hastings St, Vancouver, BC V5K 5J1",ca_bc_vancouver,4,sand,true,false,true,true,false,49.2830614,-123.0423490,"Four seasonal permanent sand courts at Plateau Sports Park in Hastings Park."
Jericho Beach Volleyball,jericho-beach-volleyball-vancouver,"3941 Point Grey Rd, Vancouver, BC V6R 1B5",ca_bc_vancouver,,sand,true,false,true,true,false,49.2716599,-123.1914351,"Two seasonal bring-your-own-poles-and-net beach volleyball spaces at Jericho Beach."
Kitsilano Beach Volleyball Courts,kitsilano-beach-volleyball-vancouver,"1499 Arbutus St, Vancouver, BC V6J 5N2",ca_bc_vancouver,7,sand,true,false,true,true,false,49.2758353,-123.1522428,"Seven seasonal permanent beach volleyball courts at Kitsilano Beach."
Locarno Beach Volleyball,locarno-beach-volleyball-vancouver,"4445 NW Marine Dr, Vancouver, BC V6R 1B9",ca_bc_vancouver,,sand,true,false,true,true,false,49.2751577,-123.2101454,"Six seasonal bring-your-own-poles-and-net beach volleyball spaces at Locarno Beach."
Shaughnessy Street Beach Volleyball Courts,shaughnessy-street-beach-volleyball-vancouver,"Shaughnessy St at Fraser River, Vancouver, BC",ca_bc_vancouver,5,sand,true,false,false,true,false,49.2022138,-123.1248156,"Five seasonal permanent sand volleyball courts by the Fraser River at Shaughnessy Street."
Spanish Banks East Volleyball Courts,spanish-banks-east-volleyball-vancouver,"4801 NW Marine Dr, Vancouver, BC V6T 1E2",ca_bc_vancouver,10,sand,true,false,true,true,false,49.2773836,-123.2237581,"Ten seasonal permanent beach volleyball courts plus space for temporary bring-your-own setups at Spanish Banks East."
Spanish Banks West Volleyball Courts,spanish-banks-west-volleyball-vancouver,"Spanish Banks West, Vancouver, BC V6T 1X8",ca_bc_vancouver,8,sand,true,false,true,true,false,49.2775024,-123.2227417,"Eight seasonal permanent beach volleyball courts plus space for temporary bring-your-own setups at Spanish Banks West."
Sunset Beach Volleyball,sunset-beach-volleyball-vancouver,"1204 Beach Ave, Vancouver, BC V6E 1V3",ca_bc_vancouver,,sand,true,false,true,true,false,49.2787413,-123.1378388,"Seasonal bring-your-own-poles-and-net beach volleyball space at Sunset Beach."
Ashbridges Bay and Woodbine Beach Volleyball Courts,ashbridges-woodbine-beach-volleyball-toronto,"1561 Lake Shore Blvd E, Toronto, ON M4L 3W6",ca_on_toronto,,sand,true,false,true,true,true,43.6625768,-79.3132386,"Large seasonal beach volleyball installation at Ashbridges Bay and Woodbine Beach, with more than 100 league setups in peak season and public pickup play."
Parc Jeanne-Mance Beach Volleyball Courts,parc-jeanne-mance-beach-volleyball-montreal,"4422 Avenue de l'Esplanade, Montréal, QC H2V 4K7",ca_qc_montreal,7,sand,true,false,true,true,false,45.5174146,-73.5868705,"Seven seasonal public beach volleyball courts; two have city-installed nets and five require a net."
Parc de l'Honorable-George-O'Reilly Beach Courts,george-oreilly-beach-volleyball-montreal,"7523 Boulevard LaSalle, Montréal, QC H8P 1X3",ca_qc_montreal,2,sand,false,false,true,true,false,45.4342285,-73.5873583,"Two reservable seasonal sand courts for beach volleyball or beach tennis."
Square Saint-Patrick Beach Volleyball Courts,square-saint-patrick-beach-volleyball-montreal,"1335 Rue Saint-Patrick, Montréal, QC H3K 1A4",ca_qc_montreal,3,sand,false,true,false,true,true,45.4889743,-73.5578900,"Three seasonal lighted beach volleyball courts with nets at Square Saint-Patrick."
Plage de l'Est Beach Volleyball Courts,plage-de-lest-beach-volleyball-montreal,"16240 Rue Bureau, Montréal, QC H1A 1Z5",ca_qc_montreal,2,sand,true,false,true,true,true,45.6980441,-73.4796108,"Two public beach volleyball courts at Plage de l'Est."
Mooney's Bay Beach Volleyball Courts,mooneys-bay-beach-volleyball-ottawa,"2960 Riverside Dr, Ottawa, ON K1V 8N4",ca_on_ottawa,20,sand,true,false,true,true,true,45.365235,-75.691067,"Twenty seasonal sand courts at Mooney's Bay, available for walk-in or rental play."
Britannia Beach Volleyball Courts,britannia-beach-volleyball-ottawa,"2805 Carling Ave, Ottawa, ON K2B 8K6",ca_on_ottawa,18,sand,true,false,true,true,true,45.364802,-75.801768,"Eighteen seasonal public sand courts at Britannia Beach, available for walk-in or rental play."
Petrie Island / Stuemer Park Beach Volleyball Courts,petrie-island-beach-volleyball-ottawa,"777 Tweddle Rd, Cumberland, ON",ca_on_ottawa,18,sand,true,false,false,true,true,45.505934,-75.489793,"Officially inventoried as Stuemer Park, this 18-court sand bank serves the Petrie Island beach complex and supports seasonal leagues and rentals."
Tuxedo Park Beach Volleyball Courts,tuxedo-park-beach-volleyball-calgary,"202 30 Ave NE, Calgary, AB T2E 2C1",ca_ab_calgary,4,sand,true,false,false,true,true,51.0780844,-114.0500996,"Four non-bookable public beach volleyball courts opened in Tuxedo Park in 2025."
Cowboys Park Beach Volleyball Courts,cowboys-park-beach-volleyball-calgary,"1220 9 Ave SW, Calgary, AB T3C 0H9",ca_ab_calgary,,sand,true,false,true,true,true,51.0453793,-114.0899297,"Public first-come beach volleyball courts in Cowboys Park, formerly Millennium Park; event closures can affect access."
John Fry Park Beach Volleyball Courts,john-fry-park-beach-volleyball-edmonton,"92 St and 28 Ave NW, Edmonton, AB",ca_ab_edmonton,14,sand,false,true,true,true,true,53.4613677,-113.4806512,"Fourteen outdoor beach volleyball courts used for Volleyball Alberta leagues and events."
Lendrum Indoor Beach Volleyball Courts,lendrum-indoor-beach-volleyball-edmonton,"11335 57 Ave NW, Edmonton, AB T6H 0Z9",ca_ab_edmonton,4,indoor_sand,false,true,true,true,true,53.4938125,-113.5245830,"Four indoor sand volleyball courts at Lendrum Community League."
Lendrum Outdoor Beach Volleyball Courts,lendrum-outdoor-beach-volleyball-edmonton,"11335 57 Ave NW, Edmonton, AB T6H 0Z9",ca_ab_edmonton,3,sand,false,true,true,true,true,53.4938125,-113.5245830,"Three outdoor sand volleyball courts at Lendrum Community League."
Rundle Park Beach Volleyball Courts,rundle-park-beach-volleyball-edmonton,"2909 113 Ave NW, Edmonton, AB T5W 0P3",ca_ab_edmonton,,sand,true,false,true,true,true,53.5670002,-113.4359084,"Public beach volleyball courts in Edmonton's Rundle Park."
Gary Martin Drive Park Beach Volleyball Courts,gary-martin-drive-beach-volleyball-bedford,"61 Gary Martin Dr, Bedford, NS B4B 0G7",ca_ns_halifax,4,sand,true,true,true,true,true,44.7251113,-63.7049871,"Four fenced and lighted outdoor beach volleyball courts at Gary Martin Drive Park."
JAM Sportsplex at Polson Pier,jam-sportsplex-polson-pier-toronto,"176 Cherry St, Toronto, ON M5A 1A4",ca_on_toronto,23,sand,false,true,true,true,true,43.640281,-79.352116,"Twenty-three maintained outdoor sand beach volleyball courts available for hourly rentals from May through September."
Volleyball Canada Beach High-Performance Centre,volleyball-canada-beach-centre-downsview-toronto,"75 Carl Hall Rd Unit 3, Toronto, ON M3K 2B9",ca_on_toronto,3,indoor_sand,false,true,true,true,true,43.748038,-79.474389,"Three indoor beach courts at Volleyball Canada's year-round national training centre; recreational leagues and rentals are offered through Beach Blast."
Caledonia Park Beach Volleyball Courts,caledonia-park-beach-volleyball-toronto,"400 Caledonia Rd, Toronto, ON M6E 4T5",ca_on_toronto,8,sand,false,false,false,true,true,43.7167,-79.4658,"Eight seasonal outdoor sand courts operated by Beach Blast for leagues, tournaments, rentals, and instruction."
Parc Jarry Beach Volleyball Courts,parc-jarry-beach-volleyball-montreal,"205 Rue Gary-Carter, Montréal, QC H2R 2V7",ca_qc_montreal,2,sand,false,false,true,true,true,45.533589,-73.630420,"Two seasonal unlighted beach volleyball courts with installed nets, available by reservation."
Plage Jean-Doré Beach Volleyball Courts,plage-jean-dore-beach-volleyball-montreal,"Plage Jean-Doré, Parc Jean-Drapeau, Montréal, QC",ca_qc_montreal,8,sand,false,false,true,true,true,45.499605,-73.524579,"Eight professional-quality beach volleyball courts with maintained sand and installed nets; beach admission applies and temporary event restrictions may reduce availability."
Laronde Park Sand Volleyball Courts,laronde-park-sand-volleyball-courts-surrey,"1806 130 St, Surrey, BC",ca_bc_vancouver,3,sand,true,false,false,true,false,49.1518260,-122.8622848,"Three public sand volleyball courts completed by the City of Surrey in September 2025."
Town Centre Park Sand Volleyball Courts,town-centre-park-sand-volleyball-courts-coquitlam,"1299 Pinetree Way, Coquitlam, BC V3B 7S4",ca_bc_vancouver,6,sand,true,false,true,true,true,49.2891118,-122.7899905,"Six public sand volleyball courts; a future master-plan phase proposes four, but the current facility still lists six."
Burnaby Fraser Foreshore Park Beach Volleyball Courts,burnaby-fraser-foreshore-park-beach-volleyball-courts,"7751 Fraser Park Dr, Burnaby, BC",ca_bc_vancouver,2,sand,true,false,true,true,false,49.1863358,-122.9909313,"Two public beach volleyball courts behind the group picnic sites, confirmed open during the park's 2026 partial closure."
Central Park Sand Volleyball Court,central-park-sand-volleyball-court-burnaby,"3883 Imperial St, Burnaby, BC",ca_bc_vancouver,1,sand,true,false,true,true,false,49.2308777,-123.0217265,"Public sand volleyball court between the Swangard Stadium parking lot and Central Park picnic area."
Bowen Park Sand Volleyball Courts,bowen-park-sand-volleyball-courts-nanaimo,"500 Bowen Rd, Nanaimo, BC",ca_bc_victoria,4,sand,false,false,true,true,true,49.1729192,-123.9565667,"Four reservable seasonal sand courts, normally set up April through September."
Juan de Fuca Recreation Centre Sand Volleyball Courts,juan-de-fuca-recreation-centre-sand-volleyball-courts-langford,"1089 Langford Pkwy, Langford, BC",ca_bc_victoria,3,sand,false,false,true,true,false,48.4431161,-123.5237207,"Three sand volleyball courts in the Juan de Fuca lower park recreation complex."
Shawnigan Wharf Park Beach Volleyball Court,shawnigan-wharf-park-beach-volleyball-court-shawnigan-lake,"2720 Heald Rd, Shawnigan Lake, BC",ca_bc_victoria,1,sand,true,false,true,true,false,48.6501033,-123.6256781,"Public volleyball court on Shawnigan Wharf Park's sandy beach, with seasonal toilet and parking lot."
Vic High Sand Courts,vic-high-sand-courts-victoria,"1260 Grant St, Victoria, BC",ca_bc_victoria,5,sand,false,false,false,true,true,48.4296537,-123.3466613,"Five new sand courts used by current 2026 Urban Rec and Vic Volley beach programs; access is schedule-based."
Sargent Park Beach Volleyball Centre,sargent-park-beach-volleyball-centre-winnipeg,"999 Sargent Ave, Winnipeg, MB R3E 3K6",ca_mb_winnipeg,,sand,false,false,true,true,true,49.8979767,-97.1804778,"City-built beach volleyball centre hosting Volleyball Manitoba's current 2026 youth and adult beach leagues."
Dakota Community Centre Beach Volleyball Courts,dakota-community-centre-beach-volleyball-courts-winnipeg,"1188 Dakota St, Winnipeg, MB",ca_mb_winnipeg,4,sand,true,false,true,true,true,49.8194572,-97.1015048,"Four regulation summer beach volleyball courts; public outside bookings after requesting access at the fieldhouse desk."
Steinbach Beach Volleyball Courts,steinbach-beach-volleyball-courts-steinbach,"Barkman Ave & Elmdale St, Steinbach, MB",ca_mb_winnipeg,,sand,true,true,false,true,true,49.5249100,-96.6794490,"Seasonal city beach volleyball courts installed in the downtown outdoor rink and confirmed open in May 2026."
Lundar Beach Provincial Park Volleyball Court,lundar-beach-provincial-park-volleyball-court-lundar,"Lundar Beach Provincial Park, Lundar, MB",ca_mb_winnipeg,1,sand,false,false,true,true,false,50.7241670,-98.2727780,"Beach volleyball court beside the Lake Manitoba swimming beach in Lundar Beach Provincial Park."
Saskatoon Sports Centre Beach Courts,saskatoon-sports-centre-beach-courts-saskatoon,"150 Nelson Rd, Saskatoon, SK",ca_sk_saskatoon,,sand,false,false,true,true,true,52.1483883,-106.5794144,"Current beach volleyball courts hosting 2026 youth and adult leagues; the operator does not publish a normal court count."
Estons Place Sand Volleyball Courts,estons-place-sand-volleyball-courts-north-battleford,"1501 Railway Ave E, North Battleford, SK S9A 3T4",ca_sk_saskatoon,3,sand,false,true,true,true,true,52.7561725,-108.2695135,"Three professional sand courts with lines, net systems, and night lighting, offering 2026 leagues and rentals."
Alfred Jenkins Field House Beach Volleyball Courts,alfred-jenkins-field-house-beach-volleyball-courts-prince-albert,"2787 10 Ave W, Prince Albert, SK S6V 6Z7",ca_sk_saskatoon,4,sand,false,false,true,true,true,53.1835886,-105.7803643,"Four rentable beach volleyball courts operated by the City of Prince Albert and used for current 2026 programs."
Regina Rugby Club Sand Volleyball Courts,regina-rugby-club-sand-volleyball-courts-regina,"4025 25th Ave, Regina, SK S4S 7J2",ca_sk_regina,,sand,false,false,true,true,true,50.4187269,-104.6291250,"Current Regina Summer Sand Volleyball League venue; a current normal court count is not published."
Valleyview Park CBVA Beach Courts,valleyview-park-cbva-beach-courts-calgary,"3073 30 Ave SE, Calgary, AB T2B 0L4",ca_ab_calgary,19,sand,true,false,true,true,true,51.0268848,-113.9791155,"Nineteen permanent outdoor beach courts, home of CBVA tournaments, programs, and free Friday drop-in."
Sax Centre Beach Courts,sax-centre-beach-courts-calgary,"3540 48 Ave NE, Calgary, AB T3J 5K2",ca_ab_calgary,15,sand,false,true,true,true,true,51.1057518,-113.9823365,"Fifteen outdoor beach courts open in 2026; planned indoor courts are not included."
The Beach YYC,the-beach-yyc-calgary,"3030-2600 Portland St SE, Calgary, AB T2G 4M6",ca_ab_calgary,,indoor_sand,false,true,true,true,true,51.0317099,-114.0305301,"Year-round indoor beach volleyball facility with real sand; operator pages conflict between five and six courts, so count is blank."
Bill Robertson Park Beach Volleyball Courts,bill-robertson-park-beach-volleyball-courts-okotoks,"1400 North Railway St, Okotoks, AB",ca_ab_calgary,4,sand,true,false,true,true,true,50.7204977,-113.9579476,"Four seasonal public sand courts with town-installed nets, normally open May through mid-October."
Sylvan Lake Pier Beach Volleyball Courts,sylvan-lake-pier-beach-volleyball-courts-sylvan-lake,"5000 Lakeshore Dr, Sylvan Lake, AB",ca_ab_sylvan,9,sand,false,false,true,true,true,52.3191193,-114.1166624,"Nine reservable outdoor beach volleyball courts at the Sylvan Lake pier; paid lakefront parking applies."
South Bear Creek Beach Volleyball Courts,south-bear-creek-beach-volleyball-courts-grande-prairie,"6125 100 St, Grande Prairie, AB T8V 0P1",ca_ab_grande_prairie,8,sand,false,false,true,true,true,55.1946083,-118.7949699,"Eight beach courts at South Bear Creek Park for the 2026 Grande Prairie league season."
Baie de Beauport Beach Volleyball Court,baie-de-beauport-beach-volleyball-quebec-city,"1 Boulevard Henri-Bourassa, Québec, QC",ca_qc_quebec,1,sand,false,false,false,true,false,46.832224,-71.219309,"Single beach volleyball court with walk-in access; paid admission and parking."
Centre de plein air de Beauport Beach Volleyball Court,centre-plein-air-beauport-beach-volleyball-quebec-city,"95 Rue de la Sérénité, Québec, QC",ca_qc_quebec,1,sand,true,false,false,true,false,46.9021279,-71.1706252,"Single public beach volleyball court available for walk-in play."
Parc de la Bourrasque Beach Volleyball Court,parc-bourrasque-beach-volleyball-quebec-city,"3320 Avenue Mallet, Québec, QC",ca_qc_quebec,1,sand,true,false,false,false,false,46.8636952,-71.2286250,"Single seasonal municipal beach volleyball court."
Parc de la Charmotte Beach Volleyball Court,parc-charmotte-beach-volleyball-quebec-city,"320 Rue de la Charmotte, Québec, QC",ca_qc_quebec,1,sand,true,false,false,false,false,46.8819356,-71.2046618,"Single seasonal municipal beach volleyball court."
Parc Noël-Langlois Beach Volleyball Courts,parc-noel-langlois-beach-volleyball-quebec-city,"99 Rue de la Terrasse-Orléans, Québec, QC",ca_qc_quebec,5,sand,true,false,false,false,false,46.865445,-71.174645,"Five seasonal beach volleyball courts with weekday leagues and public play when available."
Parc Chabot Mini Beach Volleyball Court,parc-chabot-mini-beach-volleyball-quebec-city,"1641 Avenue Colmar, Québec, QC",ca_qc_quebec,1,sand,true,false,false,false,false,46.8761362,-71.2698206,"One mini-volleyball sand court; not a full regulation beach court."
Parc Guillaume-Mathieu Beach Volleyball Court,parc-guillaume-mathieu-beach-volleyball-quebec-city,"720 Avenue de la Gironde, Québec, QC",ca_qc_quebec,1,sand,true,false,false,false,false,46.8730401,-71.2665955,"Single seasonal municipal beach volleyball court."
Parc Henri-Casault Beach Volleyball Court,parc-henri-casault-beach-volleyball-quebec-city,"5395 4e Avenue Ouest, Québec, QC",ca_qc_quebec,1,sand,true,false,false,false,false,46.8439161,-71.2641184,"Single seasonal municipal beach volleyball court."
Parc Maria-Goretti Beach Volleyball Court,parc-maria-goretti-beach-volleyball-quebec-city,"7475 Avenue Paul-Comtois, Québec, QC",ca_qc_quebec,1,sand,true,false,false,false,false,46.8556935,-71.2718821,"Single seasonal municipal beach volleyball court."
Parc Maurice-Dorion Beach Volleyball Court,parc-maurice-dorion-beach-volleyball-quebec-city,"8805 Avenue Jean-Paquin, Québec, QC",ca_qc_quebec,1,sand,true,false,false,false,false,46.8626295,-71.2796310,"Single seasonal municipal beach volleyball court."
Parc Maurice-Lortie Beach Volleyball Court,parc-maurice-lortie-beach-volleyball-quebec-city,"136 50e Rue Est, Québec, QC",ca_qc_quebec,1,sand,true,false,false,false,false,46.8482760,-71.2497761,"Single seasonal municipal beach volleyball court."
Parc Saint-Jérôme Beach Volleyball Courts,parc-saint-jerome-beach-volleyball-quebec-city,"585 64e Rue Est, Québec, QC",ca_qc_quebec,3,sand,true,false,false,false,false,46.8562294,-71.2522263,"Three seasonal municipal beach volleyball courts."
Parc Saint-Viateur Mini Beach Volleyball Courts,parc-saint-viateur-mini-beach-volleyball-quebec-city,"705 Rue Saint-Viateur, Québec, QC",ca_qc_quebec,2,sand,true,false,false,false,false,46.8791815,-71.2418936,"Two mini-volleyball sand courts; not full regulation beach courts."
Parc Dollard-Des Ormeaux Beach Volleyball Courts,parc-dollard-des-ormeaux-beach-volleyball-quebec-city,"380 Rue de Verdun, Québec, QC G1N 3N8",ca_qc_quebec,9,sand,true,false,false,true,false,46.803926,-71.246160,"Nine seasonal beach volleyball courts with weekday leagues; one remains available to the public at all times."
Parc Ferland Beach Volleyball Court,parc-ferland-beach-volleyball-quebec-city,"1600 8e Avenue, Québec, QC",ca_qc_quebec,1,sand,true,false,false,false,false,46.8324533,-71.2287121,"Single seasonal beach volleyball court with Tuesday and Thursday evening leagues."
Parc Karim-Ouellet Beach Volleyball Courts,parc-karim-ouellet-beach-volleyball-quebec-city,"100 Chemin Sainte-Foy, Québec, QC",ca_qc_quebec,2,sand,true,false,false,false,false,46.8067247,-71.2285802,"Two seasonal beach volleyball courts with Tuesday and Thursday evening leagues."
Parc Victoria Beach Volleyball Courts,parc-victoria-beach-volleyball-quebec-city,"6 Rue Robert-Rumily, Québec, QC",ca_qc_quebec,2,sand,true,false,false,true,false,46.8178095,-71.2358979,"Two seasonal beach volleyball courts with Monday through Thursday evening leagues."
Place de la Rivière-Sans-Bruit Beach Volleyball Court,riviere-sans-bruit-beach-volleyball-quebec-city,"25 Rue de Courcelette, Québec, QC",ca_qc_quebec,1,sand,true,false,false,false,false,46.8118280,-71.2483435,"Single free-access beach volleyball court northwest of the Sacré-Coeur community garden."
Base de plein air La Découverte Beach Volleyball Court,la-decouverte-beach-volleyball-quebec-city,"10 Rue de la Découverte, Québec, QC",ca_qc_quebec,1,sand,true,false,false,true,false,46.8293932,-71.4557765,"Single seasonal beach volleyball court at Base de plein air La Découverte."
Parc des Sureaux Beach Volleyball Court,parc-des-sureaux-beach-volleyball-quebec-city,"9198 Rue de l'Actif, Québec, QC",ca_qc_quebec,1,sand,true,false,false,false,false,46.8295897,-71.3590075,"Single free-access beach volleyball court."
Parc du Château-d'Eau Beach Volleyball Court,parc-chateau-eau-beach-volleyball-quebec-city,"3165 Rue du Golf, Québec, QC",ca_qc_quebec,1,sand,true,false,false,false,false,46.8542363,-71.3876730,"Single free-access beach volleyball court."
Parc Jules-Émond Beach Volleyball Court,parc-jules-emond-beach-volleyball-quebec-city,"1045 Rue des Collégiens, Québec, QC",ca_qc_quebec,1,sand,true,false,false,false,false,46.8416200,-71.4288941,"Single seasonal municipal beach volleyball court."
Base de plein air de Sainte-Foy Beach Volleyball Courts,base-plein-air-sainte-foy-beach-volleyball-quebec-city,"3137 Rue Laberge, Québec, QC",ca_qc_quebec,2,sand,true,false,false,true,false,46.7864717,-71.3342237,"Two seasonal beach volleyball courts with Monday through Thursday evening leagues."
Parc Claude-Germain Beach Volleyball Court,parc-claude-germain-beach-volleyball-quebec-city,"200 Rue Huot, Québec, QC",ca_qc_quebec,1,sand,true,false,false,false,false,46.7661678,-71.3786288,"Single seasonal municipal beach volleyball court."
Parc de la Falaise Beach Volleyball Court,parc-falaise-beach-volleyball-quebec-city,"1615 Côte à Gignac, Québec, QC",ca_qc_quebec,1,sand,true,false,false,false,false,46.7666420,-71.2669249,"Single seasonal beach volleyball court with Wednesday evening league play."
Parc des Écores Beach Volleyball Court,parc-des-ecores-beach-volleyball-quebec-city,"4001 Rue Charles-A.-Roy, Québec, QC",ca_qc_quebec,1,sand,true,false,false,false,false,46.7598919,-71.3523745,"Single seasonal beach volleyball court with Monday and Wednesday evening leagues."
Parc des Sources Beach Volleyball Court,parc-des-sources-beach-volleyball-quebec-city,"1140 Rue du Capitaine-Bernier, Québec, QC",ca_qc_quebec,1,sand,true,false,false,false,false,46.7668823,-71.3622181,"Single seasonal municipal beach volleyball court."
Parc Kiwanis Beach Volleyball Court,parc-kiwanis-beach-volleyball-quebec-city,"1818 Avenue Jules-Verne, Québec, QC",ca_qc_quebec,1,sand,true,false,false,false,false,46.7752864,-71.3604336,"Single seasonal municipal beach volleyball court."
Parc Raymond-De Rosa Beach Volleyball Court,parc-raymond-de-rosa-beach-volleyball-quebec-city,"3224 Rue Armand-Hamelin, Québec, QC",ca_qc_quebec,1,sand,true,false,false,false,false,46.7565513,-71.3080000,"Single seasonal municipal beach volleyball court."
Parc Robitaille Beach Volleyball Court,parc-robitaille-beach-volleyball-quebec-city,"1585 Rue de La Peltrie, Québec, QC",ca_qc_quebec,1,sand,true,false,false,false,false,46.7809002,-71.3576238,"Single seasonal municipal beach volleyball court."
Parc Saint-Benoît Beach Volleyball Court,parc-saint-benoit-beach-volleyball-quebec-city,"3454 Rue Rochambeau, Québec, QC",ca_qc_quebec,1,sand,true,false,false,false,false,46.7659351,-71.3261714,"Single seasonal municipal beach volleyball court."
Parc Sainte-Geneviève Beach Volleyball Court,parc-sainte-genevieve-beach-volleyball-quebec-city,"3200 Avenue D'Amours, Québec, QC",ca_qc_quebec,1,sand,true,false,false,false,false,46.7748202,-71.3196508,"Single seasonal municipal beach volleyball court."
Parc Saint-Jean-Baptiste-De La Salle Beach Volleyball Courts,parc-saint-jean-baptiste-de-la-salle-beach-volleyball-quebec-city,"2608 Rue Biencourt, Québec, QC",ca_qc_quebec,2,sand,true,false,false,false,false,46.7843464,-71.2955960,"Two seasonal beach volleyball courts with evening leagues Sunday through Friday."
Parc Saint-Mathieu Beach Volleyball Court,parc-saint-mathieu-beach-volleyball-quebec-city,"1000 Rue de Bar-le-Duc, Québec, QC",ca_qc_quebec,1,sand,true,false,false,false,false,46.7689801,-71.3073204,"Single seasonal municipal beach volleyball court."
École secondaire de Neufchâtel Beach Volleyball Courts,ecole-neufchatel-beach-volleyball-quebec-city,"3600 Avenue Chauveau, Québec, QC",ca_qc_quebec,3,sand,true,false,false,true,false,46.8359480,-71.3478011,"Three free-access beach volleyball courts; school use has priority weekdays before 6 p.m."
Shefford Sports Park Beach Volleyball Courts,shefford-sports-park-beach-volleyball-ottawa,"815 Shefford Rd, Ottawa, ON",ca_on_ottawa,24,sand,true,false,false,true,false,45.457978,-75.589670,"Twenty-four public sand volleyball courts at Shefford Sports Park."
Constance Buckham's Bay Park Sand Volleyball Court,constance-buckhams-bay-sand-volleyball-ottawa,"262 Len Purcell Dr, Ottawa, ON",ca_on_ottawa,1,sand,true,false,false,true,false,45.499241,-76.092636,"Single public sand volleyball court at the Constance and Buckham's Bay Community Centre park."
Barrington Park Sand Volleyball Court,barrington-park-sand-volleyball-ottawa,"1705 Orléans Blvd, Ottawa, ON",ca_on_ottawa,1,sand,true,false,false,false,false,45.457284,-75.522008,"Single public sand volleyball court."
Roy Park Sand Volleyball Court,roy-park-sand-volleyball-ottawa,"6210 Meadowglen Dr, Ottawa, ON",ca_on_ottawa,1,sand,true,false,false,false,false,45.450465,-75.530024,"Single public sand volleyball court."
Gérald Poulin Park Sand Volleyball Court,gerald-poulin-park-sand-volleyball-ottawa,"1899 Du Clairvaux Rd, Ottawa, ON",ca_on_ottawa,1,sand,true,false,false,false,false,45.443806,-75.539135,"Single public sand volleyball court."
Pierre Rocque Park Sand Volleyball Court,pierre-rocque-park-sand-volleyball-ottawa,"1257 Joseph-Drouin Ave, Ottawa, ON",ca_on_ottawa,1,sand,true,false,false,false,false,45.474401,-75.525492,"Single public sand volleyball court."
Joe Jamieson Park Sand Volleyball Court,joe-jamieson-park-sand-volleyball-ottawa,"6940 Bilberry Dr, Ottawa, ON",ca_on_ottawa,1,sand,true,false,false,false,false,45.481298,-75.523596,"Single public sand volleyball court."
Big Bird Park Sand Volleyball Court,big-bird-park-sand-volleyball-ottawa,"936 Lawnsberry Dr, Ottawa, ON",ca_on_ottawa,1,sand,true,false,false,false,false,45.486566,-75.507994,"Single public sand volleyball court."
Tony Graham Community Park Sand Volleyball Courts,tony-graham-community-park-sand-volleyball-ottawa,"100 Charlie Rogers Pl, Ottawa, ON",ca_on_ottawa,2,sand,true,false,false,true,false,45.294621,-75.902290,"Two public sand volleyball courts."
Windsor Park Gloucester Sand Volleyball Court,windsor-park-gloucester-sand-volleyball-ottawa,"3560 Wyman Pl, Ottawa, ON",ca_on_ottawa,1,sand,true,false,false,false,false,45.345000,-75.659676,"Single public sand volleyball court."
Marchand Park Sand Volleyball Court,marchand-park-sand-volleyball-ottawa,"1157 Kenaston St, Ottawa, ON",ca_on_ottawa,1,sand,true,false,false,false,false,45.418365,-75.624712,"Single public sand volleyball court."
Corkstown Park Sand Volleyball Court,corkstown-park-sand-volleyball-ottawa,"61 Corkstown Rd, Ottawa, ON",ca_on_ottawa,1,sand,true,false,false,false,false,45.346475,-75.827087,"Single public sand volleyball court."
Medhurst Park Sand Volleyball Court,medhurst-park-sand-volleyball-ottawa,"72 Medhurst Dr, Ottawa, ON",ca_on_ottawa,1,sand,true,false,false,false,false,45.335972,-75.745506,"Single public sand volleyball court."
General Burns Park Sand Volleyball Court,general-burns-park-sand-volleyball-ottawa,"107 Chesterton Dr, Ottawa, ON",ca_on_ottawa,1,sand,true,false,false,false,false,45.351706,-75.719711,"Single public sand volleyball court."
Queenswood Ridge Park Sand Volleyball Court,queenswood-ridge-park-sand-volleyball-ottawa,"346 Kennedy Lane E, Ottawa, ON",ca_on_ottawa,1,sand,true,false,false,false,false,45.478287,-75.504389,"Single public sand volleyball court."
Woodburn Park Sand Volleyball Court,woodburn-park-sand-volleyball-ottawa,"1819 Stonehenge Cres, Ottawa, ON",ca_on_ottawa,1,sand,true,false,false,false,false,45.419854,-75.603979,"Single public sand volleyball court."
Dogwood Park Sand Volleyball Court,dogwood-park-sand-volleyball-ottawa,"2890 Munster Rd, Ottawa, ON",ca_on_ottawa,1,sand,true,false,false,true,false,45.163493,-75.940110,"Single public sand volleyball court at Dogwood Park and Munster Hamlet Community Centre."
Entrance Park Sand Volleyball Court,entrance-park-sand-volleyball-ottawa,"2 Eaton St, Ottawa, ON",ca_on_ottawa,1,sand,true,false,false,false,false,45.325896,-75.817046,"Single public sand volleyball court."
Kenmore Bicentennial Park Sand Volleyball Court,kenmore-bicentennial-park-sand-volleyball-ottawa,"3151 Yorks Corners Rd, Ottawa, ON",ca_on_ottawa,1,sand,true,false,false,true,false,45.234038,-75.417145,"Single public sand volleyball court."
Egbert Reitsma Parkette Sand Volleyball Court,egbert-reitsma-parkette-sand-volleyball-ottawa,"100 Clifford Campbell St, Ottawa, ON",ca_on_ottawa,1,sand,true,false,false,false,false,45.469471,-76.205757,"Single public sand volleyball court."
Greely West Park Sand Volleyball Court,greely-west-park-sand-volleyball-ottawa,"6485 Greely West Dr, Ottawa, ON",ca_on_ottawa,1,sand,true,false,false,false,false,45.249671,-75.598682,"Single public sand volleyball court."
Plouffe Park Sand Volleyball Court,plouffe-park-sand-volleyball-ottawa,"930 Somerset St W, Ottawa, ON",ca_on_ottawa,1,sand,true,false,false,false,false,45.407343,-75.714792,"Single public sand volleyball court."
Ludger Landry Park Sand Volleyball Court,ludger-landry-park-sand-volleyball-ottawa,"4825 Piperville Rd, Ottawa, ON",ca_on_ottawa,1,sand,true,false,false,false,false,45.346431,-75.518803,"Single public sand volleyball court."
Cardinal Creek Community Park Sand Volleyball Court,cardinal-creek-community-park-sand-volleyball-ottawa,"1825 Trim Rd, Ottawa, ON",ca_on_ottawa,1,sand,true,false,false,true,false,45.478135,-75.459317,"Single public sand volleyball court."
St-Laurent Complex Sand Volleyball Courts,st-laurent-complex-sand-volleyball-ottawa,"525 Côté St, Ottawa, ON",ca_on_ottawa,2,sand,true,false,true,true,false,45.436799,-75.648064,"Two public sand volleyball courts at the St-Laurent Complex and Don Gamble Community Centre."
Racette Park Sand Volleyball Courts,racette-park-sand-volleyball-ottawa,"1410 Henri Lauzon St, Ottawa, ON",ca_on_ottawa,2,sand,true,false,false,false,false,45.462633,-75.535633,"Two public sand volleyball courts."
Osgoode Village Park Sand Volleyball Court,osgoode-village-park-sand-volleyball-ottawa,"5701 Philip St, Ottawa, ON",ca_on_ottawa,1,sand,true,false,false,true,false,45.148769,-75.599966,"Single public sand volleyball court."
Pemamkiaq Beach Volleyball Courts,pemamkiaq-beach-volleyball-courts-dartmouth,"261 Commodore Dr, Dartmouth, NS B3B 0L7",ca_ns_halifax,12,sand,false,false,false,true,true,44.7031343,-63.5761347,"Twelve beach courts with current 2026 programming and rentals; limited free public hours are offered during summer."
Tea Hill Park Beach Volleyball Court,tea-hill-park-beach-volleyball-court-stratford,"492 Keppoch Rd, Stratford, PE C1B 2J9",ca_pe_charlottetown,1,sand,true,false,true,true,false,46.1983161,-63.0640372,"Single public beach volleyball court at Tea Hill Park."
Willie O'Ree Place Beach Volleyball Courts,willie-oree-place-beach-volleyball-courts-fredericton,"605 Cliffe St, Fredericton, NB E3A 5V2",ca_nb_fredericton,7,sand,true,false,true,true,false,45.9792547,-66.6176052,"Seven free public beach volleyball courts, open and bookable in 2026."
Little River Reservoir Beach Volleyball Court,little-river-reservoir-beach-volleyball-court-saint-john,"1800 Loch Lomond Rd, Saint John, NB E2N 1H3",ca_nb_saint_john,1,sand,true,false,false,true,true,45.3330852,-65.9015838,"Single public beach volleyball court opened in June 2025, available sunrise to sunset without booking."
Paradise Park Beach Volleyball Courts,paradise-park-beach-volleyball-courts-newfoundland,"1 Sarah Davis Way, Paradise, NL A1L 0A6",ca_nl_st_johns,2,sand,true,false,true,true,true,47.5211233,-52.8713895,"Two public sand courts with full-size nets, open daily from 9 a.m. to 9 p.m."
Pima Park Sand Volleyball Court,pima-park-sand-volleyball-court-scottsdale,"8600 E Thomas Rd, Scottsdale, AZ 85251",az_phoenix,1,sand,true,true,true,false,false,33.4804590,-111.8958810,"Single lighted public sand volleyball court."
Rio Montaña Park Sand Volleyball Court,rio-montana-park-sand-volleyball-court-scottsdale,"11180 N 132nd St, Scottsdale, AZ 85259",az_phoenix,1,sand,true,true,true,false,false,33.5876630,-111.7975590,"Single lighted public sand volleyball court."
Aztec Park Sand Volleyball Courts,aztec-park-sand-volleyball-courts-scottsdale,"13636 N 100th St, Scottsdale, AZ 85260",az_phoenix,2,sand,true,false,true,false,false,33.6105493,-111.8639824,"Two public sand volleyball courts."
Grayhawk Park Sand Volleyball Courts,grayhawk-park-sand-volleyball-courts-scottsdale,"20726 N 76th St, Scottsdale, AZ 85255",az_phoenix,2,sand,true,true,true,false,false,33.6742035,-111.9180495,"Two lighted public sand volleyball courts."
Thunderbird Park Sand Volleyball Court,thunderbird-park-sand-volleyball-court-scottsdale,"9170 E Thunderbird Rd, Scottsdale, AZ 85260",az_phoenix,1,sand,true,true,true,false,false,33.6116530,-111.8827000,"Single lighted public sand volleyball court."
Agua Linda Park Sand Volleyball Court,agua-linda-park-sand-volleyball-court-scottsdale,"8732 E McDonald Dr, Scottsdale, AZ 85250",az_phoenix,1,sand,true,false,true,false,false,33.5246369,-111.8928111,"Single public sand volleyball court."
Cottonwood Park Sand Volleyball Courts,cottonwood-park-sand-volleyball-courts-salt-lake-city,"1580 W North Star Dr, Salt Lake City, UT 84116",ut_slc,2,sand,true,false,true,true,false,40.7778310,-111.9371508,"Two public sand volleyball courts."
Poplar Grove Park Sand Volleyball Court,poplar-grove-park-sand-volleyball-court-salt-lake-city,"800 S Emery St, Salt Lake City, UT 84104",ut_slc,1,sand,true,false,true,true,false,40.7525985,-111.9253206,"Single public sand volleyball court."
Westpointe Park Sand Volleyball Court,westpointe-park-sand-volleyball-court-salt-lake-city,"1155 Colonel Rd, Salt Lake City, UT 84116",ut_slc,1,sand,true,false,true,true,false,40.7946328,-111.9463804,"Single public sand volleyball court."
Bohemian Flats Park Sand Courts,bohemian-flats-park-sand-courts-minneapolis,"2150 West River Pkwy, Minneapolis, MN 55454",mn_minn,3,sand,true,false,false,true,true,44.9752022,-93.2409003,"Three public sand volleyball courts used by current park leagues."
Bottineau Park Sand Volleyball Court,bottineau-park-sand-volleyball-court-minneapolis,"2000 2nd St NE, Minneapolis, MN 55418",mn_minn,1,sand,true,false,false,true,true,45.0087619,-93.2669245,"Single public sand volleyball court used by current park leagues."
Beltrami Park Sand Volleyball Court,beltrami-park-sand-volleyball-court-minneapolis,"1111 Summer St NE, Minneapolis, MN 55413",mn_minn,1,sand,true,false,false,true,false,44.9977976,-93.2435660,"Single public sand volleyball court."
Waite Park Sand Volleyball Court,waite-park-sand-volleyball-court-minneapolis,"1810 34th Ave NE, Minneapolis, MN 55418",mn_minn,1,sand,true,false,false,true,false,45.0283387,-93.2360755,"Single public sand volleyball court."
Brookside Park Sand Volleyball Court,brookside-park-sand-volleyball-court-kansas-city,"200 E 57th St, Kansas City, MO 64113",ks_kc,1,sand,false,false,true,true,true,39.0240688,-94.5859517,"Single reservable sand volleyball court with paid open play."
Roanoke Park Sand Volleyball Court,roanoke-park-sand-volleyball-court-kansas-city,"3601 Roanoke Rd, Kansas City, MO 64111",ks_kc,1,sand,true,false,false,true,true,39.0632710,-94.6009870,"Single public sand volleyball court used for a current 2026 city tournament."
Fox Hill Park Sand Volleyball Court,fox-hill-park-sand-volleyball-court-kansas-city,"1201 NE Chowning Dr, Kansas City, MO 64155",ks_kc,1,sand,true,false,false,true,false,39.2796000,-94.5666230,"Single public sand volleyball court."
Independence Sand Volleyball Courts,independence-sand-volleyball-courts-missouri,"2301 S Crysler Ave, Independence, MO 64052",ks_kc,4,sand,true,false,false,true,true,39.0380480,-94.4340993,"Four first-come public sand volleyball courts."
Fred Thomas Park Sand Volleyball Courts,fred-thomas-park-sand-volleyball-courts-denver,"2400 N Quebec St, Denver, CO 80207",co_denver,2,sand,true,false,true,true,false,39.7542919,-104.9024640,"Two public sand volleyball courts in Denver's live court inventory."
Elyria Park Sand Volleyball Court,elyria-park-sand-volleyball-court-denver,"4809 N Race St, Denver, CO 80216",co_denver,1,sand,true,false,false,true,false,39.7849747,-104.9642181,"Single public sand volleyball court in Denver's live court inventory."
Garland Park Sand Volleyball Courts,garland-park-sand-volleyball-courts-denver,"6300 E Mississippi Ave, Denver, CO 80224",co_denver,4,sand,true,false,true,true,false,39.6940356,-104.9154930,"Four public sand volleyball courts in Denver's live court inventory."
Gates Crescent Park Sand Volleyball Court,gates-crescent-park-sand-volleyball-court-denver,"1901 N Crescent Dr, Denver, CO 80211",co_denver,1,sand,true,false,false,true,false,39.7463310,-105.0163180,"Single public sand volleyball court in Denver's live court inventory."
Green Valley Ranch East Park Sand Volleyball Court,green-valley-ranch-east-park-sand-volleyball-court-denver,"4455 Jebel St, Denver, CO 80249",co_denver,1,sand,true,false,false,true,false,39.7793215,-104.7504478,"Single public sand volleyball court in Denver's live court inventory."
Spangler Neighborhood Park Sand Volleyball Court,spangler-neighborhood-park-sand-volleyball-court-longmont,"200 Mountain View Ave, Longmont, CO 80501",co_denver,1,sand,true,false,true,true,false,40.1813170,-105.0971290,"Single public sand volleyball court."
Stephen Day Neighborhood Park Sand Volleyball Court,stephen-day-neighborhood-park-sand-volleyball-court-longmont,"1340 Deerwood Dr, Longmont, CO 80504",co_denver,1,sand,true,false,true,true,false,40.1824926,-105.0648097,"Single public sand volleyball court."
Left Hand Creek Neighborhood Park Sand Volleyball Court,left-hand-creek-neighborhood-park-sand-volleyball-court-longmont,"1880 Creekside Dr, Longmont, CO 80504",co_denver,1,sand,true,false,true,true,false,40.1368111,-105.1160752,"Single public sand volleyball court."
Valley Neighborhood Park Sand Volleyball Court,valley-neighborhood-park-sand-volleyball-court-longmont,"28 Troxell Ave, Longmont, CO 80501",co_denver,1,sand,true,false,false,false,false,40.1735549,-105.1413330,"Single public sand volleyball court."
Rough and Ready Neighborhood Park Sand Volleyball Court,rough-and-ready-neighborhood-park-sand-volleyball-court-longmont,"301 E 21st Ave, Longmont, CO 80504",co_denver,1,sand,true,false,true,true,false,40.1957869,-105.0888991,"Single public sand volleyball court."
